Source,Target
eta UMa,zet01 UMa
zet01 UMa,eps UMa
eps UMa,del UMa
del UMa,alf UMa
alf UMa,bet UMa
bet UMa,gam UMa
gam UMa,del UMa
alf UMa,lam Dra
lam Dra,kap Dra
kap Dra,bet UMi
bet UMi,gam UMi
gam UMi,zet Dra
zet Dra,bet Dra
bet Dra,gam Dra
bet UMa,psi UMa
psi UMa,nu. UMa
nu. UMa,ksi UMa
ksi UMa,bet Leo
bet Leo,tet Leo
bet Leo,del Leo
eps Cas,V BE Cam
V BE Cam,alf Cam
alf Cam,bet Cam
bet Cam,2 Lyn
2 Lyn,del Aur
del Cas,eps Cas
eps Cas,gam Cas
del Aur,15 Lyn
15 Lyn,omi UMa
omi UMa,h UMa
h UMa,alf UMa
bet UMa,36 UMa
36 UMa,tet UMa
tet UMa,iot UMa
iot UMa,kap UMa
kap UMa,31 Lyn
31 Lyn,kap Leo
kap Leo,lam Leo
lam Leo,alf Leo
alf Leo,omi Leo
bet Cnc,eps Hya
eps Hya,zet Hya
zet Hya,alf Cnc
alf Cnc,omi Leo
omi Leo,31 Leo
31 Leo,rho Leo
rho Leo,sig Leo
sig Leo,bet Vir
psi UMa,mu. UMa
mu. UMa,alf Lyn
alf Lyn,31 Lyn
alf Aur,bet Aur
bet Aur,del Aur
bet Gem,alf Gem
alf Gem,31 Lyn
bet Aur,eta Tau
eta Tau,alf Gem
bet Tau,bet Tau
iot Aur,iot Aur
27 Lyn,27 Lyn
bet Aur,alf Gem
zet Ori,eps Ori
eps Ori,del Ori
eps Gru,bet Gru
bet Gru,del01 Gru
del01 Gru,lam Gru
lam Gru,gam Gru
del Ori,eps Ori
eps Ori,zet Ori
alf CMi,alf CMa
alf CMa,alf Car
alf Car,alf Pic
alf Tau,tet01 Tau
tet01 Tau,71 Tau
71 Tau,gam Tau
gam Tau,del Tau
del Tau,del03 Tau
del03 Tau,eps Tau
bet Ari,alf Ari
alf Ari,41 Ari
kap Peg,iot Peg
iot Peg,bet Peg
bet Peg,alf Peg
eps Del,bet Del
bet Del,alf Del
alf Del,gam02 Del
gam02 Del,del Del
del Del,alf Del
gam Aql,alf Aql
alf Aql,bet Aql
gam02 Sgr,lam Sgr
lam Sgr,sig Sgr
sig Sgr,pi. Sgr
HD 183275,sig Sgr
sig Sgr,eps Sgr
eps Sgr,gam02 Sgr
tau Sco,alf Sco
alf Sco,sig Sco
sig Sco,del Sco
del Sco,bet01 Sco
bet01 Sco,rho Oph
rho Oph,del Sco
sig Sco,pi. Sco
pi. Sco,rho Sco
rho Sco,d Sco
d Sco,pi. Sco
alf Cen A,bet Cen
bet Cen,bet Cru
bet Cru,gam Cru
gam Cru,del Cru
del Cru,alf01 Cru
alf01 Cru,bet Cru
zet02 Sco,zet01 Sco
del Ori,eps Ori
eps Ori,zet Ori
tet CrB,bet CrB
bet CrB,alf CrB
alf CrB,gam CrB A
gam CrB A,del CrB
del CrB,eps CrB
eps CrB,iot CrB
iot CrB,pi. CrB
pi. CrB,tet CrB
eps Sco,mu.01 Sco
mu.01 Sco,zet02 Sco
zet02 Sco,eta Sco
eta Sco,tet Sco
tet Sco,iot01 Sco
iot01 Sco,G Sco
G Sco,d Oph
d Oph,HD 153613
HD 153613,eps Sco
kap Sco,lam Sco
lam Sco,ups Sco
eps Sgr,del Sgr
del Sgr,lam Sgr
lam Sgr,phi Sgr
phi Sgr,sig Sgr
sig Sgr,tau Sgr
tau Sgr,zet Sgr
zet Sgr,HD 172910
HD 172910,eps Sgr
gam Cru,bet Cru
bet Cru,alf01 Cru
alf01 Cru,del Cru
del Cru,gam Cru
gam Cru,sig Cen
sig Cen,gam Cen
gam Cen,ksi02 Cen
ksi02 Cen,eps Cen
eps Cen,bet Cen
bet Cen,alf Cen A
eta UMa,zet01 UMa
zet01 UMa,eps UMa
del UMa,alf UMa
alf UMa,bet UMa
bet UMa,gam UMa
gam UMa,del UMa
eta UMa,zet01 UMa
zet01 UMa,eps UMa
eps UMa,del UMa
del UMa,gam UMa
gam UMa,bet UMa
bet UMa,alf UMa
g UMa,g UMa
alf Gem,bet Gem
alf Her,gam Her
iot Her,pi. Her
pi. Her,eps Her
eps Her,bet Her
bet Her,gam Her
phi Her,tau Her
tau Her,sig Her
sig Her,eta Her
eta Her,zet Her
zet Her,bet Her
ksi Her,mu. Her
mu. Her,lam Her
lam Her,del Her
del Her,gam Her
111 Her,110 Her
110 Her,109 Her
109 Her,95 Her A
95 Her A,gam Her
tet CrB,bet CrB
bet CrB,alf CrB
alf CrB,gam CrB A
gam CrB A,del CrB
del CrB,eps CrB
sig Sco,pi. Sco
pi. Sco,del Sco
del Sco,bet01 Sco
bet01 Sco,nu. Sco
nu. Sco,sig Sco
eps Hya,zet Hya
zet Hya,eta Hya
eta Hya,sig Hya
sig Hya,del Hya
del Hya,eps Hya
del Crv,gam Crv
gam Crv,eps Crv
eps Crv,alf Crv
alf Crv,bet Crv
bet Crv,del Crv
bet Ori,tau Ori
tau Ori,bet Eri
bet Eri,ome Eri
ome Eri,psi Eri
psi Eri,lam Eri
lam Eri,bet Ori
alf01 Cru,gam Cru
alf01 Cru,bet Cru
alf01 Cru,del Cru
alf Cen A,bet Cen
del Ori,eps Ori
eps Ori,zet Ori
gam Cen,tau Cen
tau Cen,sig Cen
sig Cen,del Cen
del Cen,rho Cen
rho Cen,G Cen
G Cen,gam Cen
eps Cen,ksi02 Cen
ksi02 Cen,e Cen
e Cen,f Cen
f Cen,eps Cen
del UMa,alf UMa
alf UMa,bet UMa
bet UMa,gam UMa
gam UMa,del UMa
eps Sgr,eta Sgr
eta Sgr,gam02 Sgr
gam02 Sgr,del Sgr
del Sgr,eps Sgr
phi Sgr,sig Sgr
sig Sgr,tau Sgr
tau Sgr,zet Sgr
zet Sgr,phi Sgr
eps Del,bet Del
bet Del,alf Del
alf Del,gam02 Del
gam02 Del,HD 200044
HD 200044,kap Del
kap Del,eps Del
alf Eri,bet Cet
bet Cet,gam Peg
gam Peg,alf And
tet CrB,bet CrB
bet CrB,alf CrB
alf CrB,gam CrB A
gam CrB A,del CrB
del CrB,eps CrB
eps CrB,iot CrB
kap02 CrA,lam CrA
lam CrA,eps CrA
eps CrA,gam CrA
gam CrA,alf CrA
alf CrA,bet CrA
bet CrA,del CrA
del CrA,zet CrA
zet CrA,eta02 CrA
eta02 CrA,tet CrA
alf01 Cru,bet Cru
bet Cru,gam Cru
gam Cru,del Cru
bet Cru,mu.01 Cru
mu.01 Cru,gam Cru
G Sco,lam Sco
lam Sco,ups Sco
ups Sco,kap Sco
kap Sco,tet Sco
tet Sco,alf Ara
bet01 Sco,del Sco
del Sco,pi. Sco
pi. Sco,rho Sco
rho Sco,sig Sco
sig Sco,bet01 Sco
sig Sco,alf Sco
alf Sco,tau Sco
tau Sco,eps Sco
eps Sco,mu.01 Sco
mu.01 Sco,zet02 Sco
bet UMa,alf UMa
gam UMa,del UMa
del UMa,eps UMa
eps UMa,zet01 UMa
zet01 UMa,eta UMa
eta UMa,gam UMa
gam UMa,del UMa
del UMa,eps UMa
eps UMa,zet01 UMa
zet01 UMa,eta UMa
eta UMa,gam UMa
gam UMa,psi UMa
psi UMa,bet UMa
bet UMa,alf UMa
alf UMa,bet UMi
bet UMi,gam UMi
gam UMi,del UMa
zet Ori,eps Ori
eps Ori,del Ori
gam Ori,del Ori
del Ori,eps Ori
eps Ori,zet Ori
zet Ori,kap Ori
eps Ori,bet Ori
bet Cen,alf Cen A
alf Car,alf CMa
alf CMa,alf CMi
alf Leo,bet Leo
bet Tri,alf Tri
alf Tri,gam Tri
ups Per,gam01 And
gam01 And,bet And
bet And,alf And
alf And,omi And
omi And,lam And
lam And,kap And
lam And,iot And
pi. And,nu. And
nu. And,mu. And
mu. And,pi. And
pi. And,del And
del And,eps And
eps And,zet And
zet And,eta And
alf Ant,alf Ant
gam Aql,alf Aql
alf Aql,bet Aql
bet Aql,tet Aql
tet Aql,eta Aql
eta Aql,del Aql
del Aql,zet Aql
zet Aql,eps Aql
del Aql,iot Aql
iot Aql,lam Aql
iot Aql,kap Aql
eps Aqr,mu. Aqr
mu. Aqr,bet Aqr
bet Aqr,omi Aqr
omi Aqr,gam Aqr
gam Aqr,alf Aqr
alf Aqr,del Aqr
del Aqr,c02 Aqr
gam Aqr,pi. Aqr
pi. Aqr,eta Aqr
eta Aqr,zet01 Aqr
zet01 Aqr,gam Aqr
iot Aqr,tet Aqr
tet Aqr,lam Aqr
lam Aqr,iot Aqr
eps Aqr,mu. Aqr
mu. Aqr,bet Aqr
bet Aqr,tet Aqr
tet Aqr,iot Aqr
iot Aqr,ksi Aqr
ksi Aqr,bet Aqr
tet Aqr,lam Aqr
lam Aqr,iot Aqr
tet Aqr,del Aqr
del Aqr,c02 Aqr
tet Aqr,gam Aqr
gam Aqr,alf Aqr
alf Aqr,omi Aqr
omi Aqr,gam Aqr
gam Aqr,pi. Aqr
pi. Aqr,eta Aqr
eta Aqr,zet01 Aqr
zet01 Aqr,gam Aqr
alf Ara,bet Ara
bet Ara,gam Ara
gam Ara,del Ara
del Ara,eta Ara
eta Ara,zet Ara
zet Ara,eps01 Ara
eps01 Ara,alf Ara
zet Ara,gam Ara
gam01 Ari,bet Ari
bet Ari,alf Ari
alf Ari,del Ari
alf Aur,bet Aur
bet Aur,tet Aur
iot Aur,alf Aur
alf Aur,eps Aur
eps Aur,eta Aur
eps Aur,zet Aur
alf Aur,del Aur
del Aur,bet Aur
del Aur,psi05 Aur
psi05 Aur,tet Aur
eta Aur,zet Aur
alf Aur,bet Aur
bet Aur,tet Aur
tet Aur,alf Aur
alf Aur,del Aur
del Aur,bet Aur
alf Aur,eps Aur
eps Aur,eta Aur
eta Aur,zet Aur
zet Aur,eps Aur
iot Aur,alf Aur
bet Aur,psi05 Aur
psi05 Aur,tet Aur
tet Aur,kap Aur
kap Aur,63 Aur
63 Aur,psi05 Aur
alf Boo,eps Boo
eps Boo,del Boo
del Boo,bet Boo
bet Boo,gam Boo
gam Boo,rho Boo
rho Boo,alf Boo
mu.01 Boo,del Boo
del Boo,gam Boo
gam Boo,lam Boo
lam Boo,tet Boo
tet Boo,kap02 Boo
tet Boo,iot Boo
zet Boo,ksi Boo
ksi Boo,pi.01 Boo
pi.01 Boo,zet Boo
zet Boo,alf Boo
alf Boo,eta Boo
eta Boo,tau Boo
tau Boo,ups Boo
ups Boo,eta Boo
alf Boo,eps Boo
eps Boo,del Boo
del Boo,bet Boo
bet Boo,gam Boo
gam Boo,rho Boo
rho Boo,alf Boo
mu.01 Boo,del Boo
del Boo,gam Boo
gam Boo,lam Boo
zet Boo,ksi Boo
ksi Boo,pi.01 Boo
pi.01 Boo,zet Boo
zet Boo,alf Boo
alf Boo,eta Boo
eta Boo,tau Boo
tau Boo,ups Boo
ups Boo,eta Boo
eps Boo,sig Boo
sig Boo,rho Boo
bet Cae,alf Cae
HD  21291,alf Cam
alf Cam,bet Cam
bet Cam,HD  21389
alf Cam,HD  49878
HD  49878,bet Cam
HD  21291,HD  21389
bet01 Cap,alf02 Cap
alf02 Cap,gam Cap
gam Cap,del Cap
del Cap,eps Cap
eps Cap,gam Cap
alf01 Cap,alf02 Cap
alf02 Cap,bet01 Cap
bet01 Cap,gam Cap
gam Cap,del Cap
del Cap,eps Cap
eps Cap,gam Cap
alf Car,eps Car
eps Car,bet Car
bet Car,tet Car
tet Car,iot Car
iot Car,eps Car
tet Car,eta Car
eta Car,iot Car
p Car,ups Car A
ups Car A,phi Vel
phi Vel,p Car
alf Car,nu. Pup
nu. Pup,tau Pup
tau Pup,alf Car
nu. Pup,chi Car
alf Car,gam02 Vel
gam02 Vel,omi Vel
omi Vel,del Vel
del Vel,iot Car
iot Car,kap Vel
kap Vel,lam Vel
lam Vel,mu. Vel
mu. Vel,eta Car
mu. Vel,r Vel
r Vel,q Vel
q Vel,psi Vel
psi Vel,lam Vel
eps Car,gam02 Vel
gam02 Vel,zet Pup
zet Pup,lam Vel
q Pup,zet Pup
zet Pup,c Pup
c Pup,q Pup
q Pup,rho Pup
rho Pup,j Pup
j Pup,ksi Pup
ksi Pup,k02 Pup
k02 Pup,pi. Pup
pi. Pup,nu. Pup
j Pup,16 Pup
16 Pup,HD  66141
HD  66141,9 Pup A
9 Pup A,6 Pup
6 Pup,j Pup
bet Cas,alf Cas
alf Cas,gam Cas
gam Cas,del Cas
del Cas,eps Cas
eps Cen,bet Cen
bet Cen,alf Cen A
alf Cen A,eps Cen
eps Cen,zet Cen
zet Cen,mu. Cen
mu. Cen,nu. Cen
nu. Cen,d Cen
d Cen,tet Cen
tet Cen,zet Cen
tet Cen,iot Cen
iot Cen,gam Cen
gam Cen,del Cen
del Cen,lam Cen
rho Cen,gam Cen
iot Cen,n Cen
gam Cep,bet Cep
bet Cep,alf Cep
alf Cep,iot Cep
iot Cep,bet Cep
bet Cep,kap Cep
alf Cep,eta Cep
del Cep,zet Cep
zet Cep,iot Cep
iot Cep,del Cep
del Cep,eps Cep
eps Cep,zet Cep
mu. Her,ksi Her
ksi Her,tet Her
tet Her,mu. Her
ksi Her,omi Her
omi Her,tet Her
tet Her,iot Her
mu. Her,ksi Her
ksi Her,nu. Her
nu. Her,tet Her
tet Her,mu. Her
ksi Her,omi Her
omi Her,tet Her
mu. Her,omi Her
omi Her,109 Her
109 Her,110 Her
110 Her,111 Her
del Cet,omi Cet
omi Cet,zet Cet
zet Cet,tet Cet
tet Cet,eta Cet
eta Cet,tau Cet
tau Cet,zet Cet
tau Cet,ups Cet
eta Cet,iot Cet
iot Cet,bet Cet
bet Cet,eta Cet
bet Cet,2 Cet
2 Cet,iot Cet
del Cet,eps Cet
eps Cet,pi. Cet
pi. Cet,sig Cet
sig Cet,rho Cet
rho Cet,eps Cet
del Cet,gam Cet
gam Cet,mu. Cet
mu. Cet,lam Cet
lam Cet,alf Cet
alf Cet,gam Cet
alf Cet,del Cet
lam Cet,kap01 Cet
kap01 Cet,alf Cet
gam Cet,alf Cet
alf Cet,lam Cet
lam Cet,mu. Cet
mu. Cet,gam Cet
mu. Cet,ksi02 Cet
ksi02 Cet,nu. Cet
nu. Cet,gam Cet
gam Cet,del Cet
del Cet,nu. Cet
lam Cet,kap01 Cet
kap01 Cet,alf Cet
alf Cet,del Cet
del Cet,75 Cet
75 Cet,omi Cet
omi Cet,eps Cet
eps Cet,pi. Cet
pi. Cet,sig Cet
sig Cet,rho Cet
rho Cet,eps Cet
omi Cet,zet Cet
zet Cet,tet Cet
tet Cet,eta Cet
eta Cet,tau Cet
tau Cet,zet Cet
tau Cet,rho Cet
rho Cet,ups Cet
ups Cet,tau Cet
tau Cet,bet Cet
bet Cet,ups Cet
bet Cet,eta Cet
eta Cet,iot Cet
iot Cet,bet Cet
bet CMa,alf CMa
alf CMa,gam CMa
gam CMa,omi02 CMa
omi02 CMa,omi01 CMa
omi01 CMa,gam CMa
iot CMa,mu. CMa A
alf CMa,omi01 CMa
omi01 CMa,eps CMa
eps CMa,zet CMa
zet CMa,lam CMa
eps CMa,eta CMa
eta CMa,del CMa
del CMa,sig CMa
sig CMa,eps CMa
bet CMa,alf CMa
alf CMa,gam CMa
gam CMa,iot CMa
iot CMa,mu. CMa A
mu. CMa A,gam CMa
alf CMa,omi02 CMa
omi02 CMa,del CMa
del CMa,eta CMa
eta CMa,eps CMa
eps CMa,sig CMa
sig CMa,del CMa
omi02 CMa,omi01 CMa
omi01 CMa,nu.02 CMa
nu.02 CMa,omi02 CMa
eps CMa,zet CMa
zet CMa,lam CMa
lam CMa,eps CMa
alf CMi,bet CMi
kap Cnc,alf Cnc
alf Cnc,del Cnc
del Cnc,bet Cnc
del Cnc,gam Cnc
bet Col,eps Col
eps Col,alf Col
alf Col,gam Col
gam Col,bet Col
gam Com,14 Com
14 Com,16 Com
16 Com,17 Com
17 Com,23 Com
16 Com,13 Com
13 Com,12 Com
12 Com,7 Com
gam Com,14 Com
14 Com,16 Com
16 Com,17 Com
17 Com,23 Com
16 Com,13 Com
13 Com,12 Com
12 Com,7 Com
39 Com,alf Com
alf Com,36 Com
36 Com,39 Com
39 Com,bet Com
bet Com,31 Com
31 Com,39 Com
bet Com,37 Com
37 Com,31 Com
39 Com,35 Com
35 Com,23 Com
35 Com,11 Com
tet CrB,bet CrB
bet CrB,alf CrB
alf CrB,gam CrB A
gam CrB A,del CrB
del CrB,eps CrB
eps CrB,tet CrB
tet CrB,bet CrB
bet CrB,alf CrB
alf CrB,gam CrB A
gam CrB A,del CrB
del CrB,eps CrB
eps CrB,iot CrB
iot CrB,tet CrB
alf Crt,bet Crt
bet Crt,del Crt
del Crt,eps Crt
eps Crt,tet Crt
tet Crt,eta Crt
eta Crt,zet Crt
zet Crt,gam Crt
gam Crt,nu. Hya
nu. Hya,alf Crt
del Crt,gam Crt
eps Crt,zet Crt
alf Crt,bet Crt
bet Crt,del Crt
del Crt,eps Crt
eps Crt,tet Crt
eta Crt,zet Crt
zet Crt,gam Crt
gam Crt,nu. Hya
nu. Hya,alf Crt
del Crt,gam Crt
alf01 Cru,gam Cru
bet Cru,del Cru
alf Crv,bet Crv
bet Crv,del Crv
del Crv,gam Crv
gam Crv,eps Crv
eps Crv,alf Crv
alf Crv,bet Crv
bet Crv,del Crv
del Crv,gam Crv
gam Crv,eps Crv
eps Crv,alf Crv
bet Crv,eps Crv
alf02 CVn,bet CVn
alf Cyg,gam Cyg
gam Cyg,phi Cyg
phi Cyg,bet Cyg A
mu. Cyg,zet Cyg
zet Cyg,eps Cyg
eps Cyg,gam Cyg
gam Cyg,del Cyg
del Cyg,tet Cyg
tet Cyg,kap Cyg
omi02 Cyg,alf Cyg
alf Cyg,ksi Cyg
ksi Cyg,sig Cyg
sig Cyg,nu. Cyg
nu. Cyg,alf Cyg
ups Cyg,lam Cyg
lam Cyg,nu. Cyg
nu. Cyg,ksi Cyg
ksi Cyg,rho Cyg
rho Cyg,pi.02 Cyg
pi.02 Cyg,ksi Cyg
alf Cyg,gam Cyg
gam Cyg,eta Cyg
eta Cyg,phi Cyg
phi Cyg,bet Cyg A
mu. Cyg,zet Cyg
zet Cyg,eps Cyg
eps Cyg,gam Cyg
gam Cyg,del Cyg
del Cyg,tet Cyg
omi02 Cyg,alf Cyg
alf Cyg,ksi Cyg
ksi Cyg,sig Cyg
sig Cyg,nu. Cyg
nu. Cyg,ksi Cyg
ksi Cyg,rho Cyg
nu. Cyg,lam Cyg
lam Cyg,39 Cyg
eps Del,bet Del
bet Del,alf Del
alf Del,gam02 Del
gam02 Del,del Del
del Del,bet Del
gam Dor,alf Dor
alf Dor,bet Dor
HD  81817,lam Dra
lam Dra,kap Dra
kap Dra,alf Dra
alf Dra,iot Dra
iot Dra,tet Dra
tet Dra,eta Dra
eta Dra,zet Dra
zet Dra,ome Dra
ome Dra,chi Dra
chi Dra,del Dra
del Dra,pi. Dra
pi. Dra,ksi Dra
ksi Dra,gam Dra
gam Dra,bet Dra
bet Dra,nu.02 Dra
nu.02 Dra,ksi Dra
bet Dra,mu. Dra
eta Dra,15 Dra
15 Dra,zet Dra
alf Dra,i Dra
alf Equ,bet Equ
bet Equ,del Equ
del Equ,gam Equ
gam Equ,alf Equ
bet Eri,nu. Eri
nu. Eri,omi01 Eri
omi01 Eri,gam Eri
gam Eri,del Eri
del Eri,eps Eri
eps Eri,zet Eri
zet Eri,rho03 Eri
rho03 Eri,eta Eri
eta Eri,zet Eri
bet Eri,l Eri
l Eri,54 Eri
54 Eri,ups02 Eri
ups02 Eri,ups04 Eri
ups04 Eri,tau05 Eri
tau05 Eri,tau04 Eri
tau04 Eri,tau01 Eri
tau01 Eri,tau03 Eri
tau03 Eri,tau04 Eri
tau04 Eri,alf For
tau03 Eri,alf For
tau01 Eri,alf For
iot Eri,alf For
alf For,e Eri
alf For,tet01 Eri
e Eri,kap Eri
tet01 Eri,kap Eri
kap Eri,phi Eri
phi Eri,chi Eri
chi Eri,alf Eri
e Eri,tet01 Eri
tet01 Eri,iot Eri
lam Eri,bet Eri
bet Eri,ome Eri
ome Eri,mu. Eri
mu. Eri,nu. Eri
nu. Eri,omi01 Eri
omi01 Eri,gam Eri
gam Eri,del Eri
del Eri,eps Eri
eps Eri,zet Eri
zet Eri,rho03 Eri
rho03 Eri,rho01 Eri
rho01 Eri,eta Eri
eta Eri,zet Eri
zet Eri,v Eri
v Eri,eps Eri
v Eri,del Eri
bet Eri,psi Eri
psi Eri,l Eri
l Eri,54 Eri
54 Eri,ups02 Eri
ups02 Eri,d Eri
ups02 Eri,ups04 Eri
ups04 Eri,e Eri
e Eri,tet01 Eri
tet01 Eri,iot Eri
iot Eri,alf For
alf For,e Eri
alf For,tet01 Eri
alf For,tau05 Eri
tau05 Eri,tau04 Eri
tau04 Eri,tau03 Eri
tau03 Eri,alf For
tau03 Eri,tau01 Eri
alf Gem,bet Gem
bet Gem,del Gem
del Gem,zet Gem
zet Gem,gam Gem
gam Gem,nu. Gem
nu. Gem,mu. Gem
mu. Gem,eps Gem
eps Gem,alf Gem
mu. Gem,eta Gem
kap Gem,ups Gem
ups Gem,iot Gem
iot Gem,tet Gem
iot Gem,del Gem
del Gem,lam Gem
ksi Gem,gam Gem
del01 Gru,alf Gru
alf Gru,bet Gru
bet Gru,eps Gru
alf Her,bet Her
bet Her,gam Her
gam Her,ome Her
ome Her,bet Her
bet Her,zet Her
zet Her,eps Her
eps Her,alf Her
alf Her,del Her
del Her,eps Her
eps Her,pi. Her
pi. Her,eta Her
eta Her,zet Her
pi. Her,rho Her
eta Her,sig Her
sig Her,tau Her
del Her,lam Her
lam Her,mu. Her
alf Her,gam Her
gam Her,bet Her
bet Her,zet Her
zet Her,eps Her
eps Her,del Her
del Her,alf Her
gam Her,ome Her
ome Her,del Her
del Her,lam Her
lam Her,mu. Her
zet Her,eta Her
eta Her,sig Her
sig Her,tau Her
pi. Her,eta Her
eps Her,pi. Her
pi. Her,e Her
e Her,rho Her
rho Her,iot Her
eps Hya,eta Hya
eta Hya,sig Hya
sig Hya,del Hya
del Hya,eps Hya
eps Hya,zet Hya
zet Hya,tet Hya
tet Hya,alf Hya
alf Hya,lam Hya
lam Hya,mu. Hya
mu. Hya,ksi Hya
ksi Hya,bet Hya
bet Hya,psi Hya
psi Hya,gam Hya
gam Hya,pi. Hya
eps Hya,rho Hya
rho Hya,eta Hya
eta Hya,sig Hya
sig Hya,del Hya
del Hya,eps Hya
eps Hya,zet Hya
zet Hya,eta Hya
zet Hya,tet Hya
tet Hya,tau01 Hya
tau01 Hya,tau02 Hya
tau02 Hya,iot Hya
iot Hya,tau01 Hya
tau01 Hya,alf Hya
alf Hya,lam Hya
lam Hya,mu. Hya
mu. Hya,ksi Hya
ksi Hya,bet Hya
bet Hya,psi Hya
psi Hya,gam Hya
gam Hya,pi. Hya
pi. Hya,50 Hya
50 Hya,l Hya
l Hya,k Hya
l Hya,E Hya
E Hya,56 Hya
56 Hya,m Hya A
m Hya A,l Hya
bet Hyi,gam Hyi
gam Hyi,alf Hyi
alf Hyi,bet Hyi
alf Ind,bet Ind
2 Lac,4 Lac
4 Lac,bet Lac
bet Lac,alf Lac
alf Lac,2 Lac
2 Lac,1 Lac
alf Lep,bet Lep
bet Lep,gam Lep
gam Lep,del Lep
del Lep,alf Lep
eps Lep,bet Lep
alf Lep,zet Lep
zet Lep,lam Lep
lam Lep,alf Lep
lam Lep,mu. Lep
iot Lep,lam Lep
zet Lep,eta Lep
eta Lep,tet Lep
alf02 Lib,del Lib
del Lib,bet Lib
bet Lib,alf02 Lib
bet Lib,sig Lib
sig Lib,alf02 Lib
sig Lib,pi. Sco
bet Lib,eps Lib
eps Lib,gam Lib
gam Lib,iot Lib
iot Lib,eps Lib
gam Lib,eta Lib
eta Lib,kap Lib
kap Lib,lam Lib
lam Lib,tet Lib
tet Lib,eta Lib
tet Lib,48 Lib
48 Lib,ksi Sco
alf02 Lib,bet Lib
bet Lib,gam Lib
gam Lib,iot Lib
iot Lib,alf02 Lib
del Lib,bet Lib
bet Lib,eps Lib
alf02 Lib,sig Lib
sig Lib,iot Lib
sig Lib,tau Lib
tau Lib,iot Lib
gam Lib,eta Lib
eta Lib,kap Lib
kap Lib,lam Lib
lam Lib,tet Lib
tet Lib,eta Lib
tet Lib,48 Lib
48 Lib,ksi Sco
37 LMi,bet LMi
bet LMi,21 LMi
21 LMi,30 LMi
30 LMi,37 LMi
37 LMi,42 LMi
37 LMi,bet LMi
bet LMi,21 LMi
21 LMi,30 LMi
30 LMi,37 LMi
37 LMi,42 LMi
bet LMi,30 LMi
lam Leo,eps Leo
eps Leo,kap Leo
kap Leo,lam Leo
lam Leo,ksi Leo
ksi Leo,omi Leo
omi Leo,pi. Leo
pi. Leo,alf Leo
alf Leo,eta Leo
eta Leo,gam01 Leo
gam01 Leo,zet Leo
zet Leo,mu. Leo
mu. Leo,eps Leo
alf Leo,tet Leo
tet Leo,bet Leo
bet Leo,del Leo
del Leo,tet Leo
bet Leo,93 Leo
pi. Leo,rho Leo
rho Leo,alf Leo
rho Leo,tau Leo
tau Leo,iot Leo
iot Leo,bet Leo
tau Leo,ups Leo
ups Leo,e Leo
e Leo,tau Leo
e Leo,pi. Leo
rho Leo,tet Leo
alf Lup,bet Lup
bet Lup,kap Cen
kap Cen,eta Cen
eta Cen,alf Lup
alf Lup,gam Lup
gam Lup,eps Lup
eps Lup,zet Lup
eps Lup,ome Lup
bet Lup,eps Lup
eps Lup,del Lup
del Lup,bet Lup
del Lup,gam Lup
gam Lup,eps Lup
del Lup,phi01 Lup
phi01 Lup,tet Lup
tet Lup,del Lup
phi01 Lup,chi Lup
chi Lup,tet Lup
1 Lyn,15 Lyn
15 Lyn,27 Lyn
27 Lyn,31 Lyn
31 Lyn,HD  77912
HD  77912,38 Lyn
38 Lyn,alf Lyn
1 Lyn,15 Lyn
15 Lyn,27 Lyn
27 Lyn,31 Lyn
31 Lyn,HD  77912
HD  77912,38 Lyn
38 Lyn,alf Lyn
alf Lyn,HD  77912
eps01 Lyr,alf Lyr
alf Lyr,kap Lyr
alf Lyr,zet01 Lyr
zet01 Lyr,bet Lyr
bet Lyr,gam Lyr
gam Lyr,del02 Lyr
del02 Lyr,zet01 Lyr
alf Mic,alf Mic
zet Mon,alf Mon
alf Mon,del Mon
del Mon,18 Mon
18 Mon,bet Mon
18 Mon,13 Mon
13 Mon,15 Mon
15 Mon,17 Mon
17 Mon,13 Mon
35 Ari,39 Ari
39 Ari,41 Ari
41 Ari,35 Ari
bet Mus,alf Mus
alf Mus,gam Mus
gam Mus,del Mus
del Mus,bet Mus
alf Oph,kap Oph
kap Oph,iot Oph
iot Oph,lam Ser
lam Ser,alf Ser
alf Ser,eps Ser
eps Ser,del Oph
del Oph,eps Oph
eps Oph,zet Oph
zet Oph,eta Oph
eta Oph,tet Oph
tet Oph,36 Oph B
eta Oph,eta Ser
eta Ser,tet01 Ser
tet01 Ser,gam Oph
gam Oph,bet Oph
bet Oph,alf Oph
72 Oph,71 Oph
71 Oph,66 Oph
66 Oph,67 Oph
67 Oph,68 Oph
68 Oph,70 Oph
alf Ori,gam Ori
gam Ori,tau Ori
tau Ori,bet Ori
bet Ori,kap Ori
kap Ori,alf Ori
alf Ori,phi02 Ori
phi02 Ori,lam Ori
lam Ori,phi01 Ori
phi01 Ori,gam Ori
gam Ori,pi.03 Ori
pi.03 Ori,pi.04 Ori
pi.04 Ori,pi.05 Ori
pi.05 Ori,gam Ori
pi.03 Ori,pi.02 Ori
pi.05 Ori,pi.06 Ori
zet Ori,eps Ori
eps Ori,del Ori
del Ori,eta Ori
eta Ori,c Ori
c Ori,sig Ori
sig Ori,zet Ori
c Ori,iot Ori
alf Pav,bet Pav
bet Pav,gam Pav
gam Pav,alf Pav
bet Pav,del Pav
del Pav,eps Pav
eps Pav,bet Pav
eps Pav,zet Pav
alf And,bet Peg
bet Peg,alf Peg
alf Peg,gam Peg
gam Peg,alf And
pi. Peg,eta Peg
eta Peg,bet Peg
bet Peg,mu. Peg
mu. Peg,lam Peg
alf Peg,42 Peg
42 Peg,tet Peg
tet Peg,eps Peg
eps Peg,kap Peg
kap Peg,pi. Peg
pi. Peg,iot Peg
iot Peg,kap Peg
kap Peg,1 Peg
1 Peg,eps Peg
alf And,bet Peg
bet Peg,alf Peg
alf Peg,gam Peg
gam Peg,alf And
bet Peg,tau Peg
tau Peg,ups Peg
pi. Peg,eta Peg
eta Peg,bet Peg
bet Peg,mu. Peg
mu. Peg,lam Peg
lam Peg,tet Peg
alf Peg,42 Peg
42 Peg,eps Peg
eps Peg,1 Peg
1 Peg,kap Peg
kap Peg,pi. Peg
kap Peg,iot Peg
iot Peg,mu. Peg
iot Peg,eta Peg
eta Per,gam Per
gam Per,alf Per
alf Per,iot Per
iot Per,tau Per
tau Per,gam Per
alf Per,bet Per
bet Per,rho Per
rho Per,16 Per
16 Per,bet Per
bet Per,kap Per
alf Per,del Per
del Per,nu. Per
nu. Per,eps Per
eps Per,zet Per
zet Per,omi Per
del Per,c Per
c Per,mu. Per
mu. Per,c Per
c Per,nu. Per
nu. Per,eps Per
eps Per,c Per
del Per,eps Per
eps Per,bet Per
bet Per,del Per
eps Per,zet Per
zet Per,bet Per
bet Per,rho Per
rho Per,16 Per
16 Per,kap Per
kap Per,bet Per
kap Per,iot Per
iot Per,tet Per
tet Per,kap Per
bet Phe,gam Phe
del Phe,bet Phe
bet Phe,alf Phe
bet Phe,eps Phe
alf PsA,eps PsA
bet PsA,alf PsA
bet PsA,iot PsA
bet PsA,tet PsA
alf PsA,eps PsA
eps PsA,bet PsA
bet PsA,alf PsA
bet PsA,iot PsA
bet PsA,tet PsA
l Psc,ups Psc
tau Psc,ups Psc
ups Psc,phi Psc
phi Psc,chi Psc
chi Psc,rho Psc
rho Psc,eta Psc
eta Psc,pi. Psc
pi. Psc,omi Psc
omi Psc,alf Psc
alf Psc,ksi Psc
ksi Psc,nu. Psc
nu. Psc,mu. Psc
mu. Psc,zet Psc A
zet Psc A,eps Psc
eps Psc,del Psc
del Psc,ome Psc
ome Psc,iot Psc
iot Psc,tet Psc
tet Psc,gam Psc
gam Psc,kap Psc
kap Psc,lam Psc
lam Psc,iot Psc
gam Psc,bet Psc
kap Psc,30 Psc
del Psc,30 Psc
chi Psc,74 Psc A
bet Pyx,alf Pyx
alf Pyx,tet Pyx
del Pyx,eps Pyx
alf Ret,bet Ret
alf Scl,eps Scl
kap Sco,ups Sco
ups Sco,lam Sco
lam Sco,G Sco
G Sco,iot01 Sco
iot01 Sco,tet Sco
tet Sco,eta Sco
eta Sco,mu.01 Sco
mu.01 Sco,eps Sco
eps Sco,tau Sco
tau Sco,alf Sco
alf Sco,pi. Sco
pi. Sco,del Sco
del Sco,sig Sco
sig Sco,alf Sco
alf Sco,rho Sco
rho Sco,pi. Sco
alf Sco,bet01 Sco
bet01 Sco,del Sco
bet01 Sco,nu. Sco
i Aql,bet Sct
bet Sct,alf Sct
alf Sct,i Aql
kap Ser,iot Ser
iot Ser,rho Ser
rho Ser,pi. Ser
pi. Ser,V QY Ser
V QY Ser,kap Ser
kap Ser,bet Ser
bet Ser,gam Ser
gam Ser,kap Ser
bet Ser,del Ser
del Ser,alf Ser
alf Ser,eps Ser
eps Ser,mu. Ser
mu. Ser,zet Oph
eps Ser,lam Oph
lam Oph,zet Oph
zet Oph,eta Oph
eta Oph,tet Oph
eta Oph,nu. Ser
nu. Ser,omi Ser
omi Ser,ksi Ser
ksi Ser,tet Oph
omi Ser,zet Ser
zet Ser,nu. Oph
nu. Oph,omi Ser
gam Sge,del Sge
del Sge,alf Sge
del Sge,bet Sge
alf Sge,bet Sge
sig Sgr,tau Sgr
tau Sgr,zet Sgr
zet Sgr,phi Sgr
phi Sgr,sig Sgr
zet Sgr,del Sgr
del Sgr,gam02 Sgr
eta Sgr,eps Sgr
eps Sgr,del Sgr
del Sgr,lam Sgr
lam Sgr,mu. Sgr
mu. Sgr,ksi02 Sgr
ksi02 Sgr,omi Sgr
omi Sgr,pi. Sgr
zet Sgr,alf Sgr
alf Sgr,bet01 Sgr
bet01 Sgr,iot Sgr
iot Sgr,alf Sgr
alf Sgr,chi01 Sgr
chi01 Sgr,ome Sgr
ome Sgr,iot Sgr
bet01 Sgr,tet Ara
tet Ara,alf Tel
sig Sgr,tau Sgr
tau Sgr,zet Sgr
zet Sgr,phi Sgr
phi Sgr,sig Sgr
zet Sgr,del Sgr
del Sgr,gam02 Sgr
eta Sgr,eps Sgr
eps Sgr,del Sgr
del Sgr,lam Sgr
lam Sgr,mu. Sgr
mu. Sgr,ksi02 Sgr
ksi02 Sgr,omi Sgr
omi Sgr,pi. Sgr
ksi02 Sgr,sig Sgr
zet Tau,bet Tau
bet Tau,132 Tau
132 Tau,zet Tau
zet Tau,alf Tau
alf Tau,bet Tau
alf Tau,tet02 Tau
tet02 Tau,gam Tau
gam Tau,del Tau
del Tau,eps Tau
eps Tau,27 Tau
gam Tau,lam Tau
lam Tau,nu. Tau
nu. Tau,mu. Tau
mu. Tau,lam Tau
lam Tau,ksi Tau
ksi Tau,omi Tau
nu. Tau,ksi Tau
alf TrA,bet TrA
bet TrA,gam TrA
gam TrA,alf TrA
alf Tri,bet Tri
bet Tri,gam Tri
gam Tri,alf Tri
alf Tuc,gam Tuc
gam Tuc,bet01 Tuc
del UMa,alf UMa
alf UMa,bet UMa
bet UMa,gam UMa
gam UMa,del UMa
del UMa,eps UMa
eps UMa,zet01 UMa
zet01 UMa,eta UMa
alf UMa,ups UMa
ups UMa,h UMa
h UMa,alf UMa
ups UMa,omi UMa
omi UMa,h UMa
bet UMa,tet UMa
tet UMa,iot UMa
iot UMa,kap UMa
kap UMa,tet UMa
tet UMa,lam UMa
lam UMa,kap UMa
lam UMa,mu. UMa
mu. UMa,gam UMa
gam UMa,chi UMa
chi UMa,psi UMa
psi UMa,mu. UMa
chi UMa,nu. UMa
nu. UMa,ksi UMa
bet UMa,gam UMa
bet UMa,tet UMa
tet UMa,iot UMa
iot UMa,kap UMa
kap UMa,tet UMa
lam UMa,kap UMa
lam UMa,mu. UMa
gam UMa,chi UMa
chi UMa,psi UMa
psi UMa,mu. UMa
chi UMa,nu. UMa
nu. UMa,ksi UMa
iot UMa,10 UMa
kap UMa,10 UMa
lam UMa,bet UMa
mu. UMa,nu. UMa
psi UMa,nu. UMa
alf UMi,del UMi
del UMi,eps UMi
eps UMi,zet UMi
zet UMi,eta UMi
eta UMi,gam UMi
gam UMi,bet UMi
bet UMi,zet UMi
alf Vir,tet Vir
tet Vir,gam Vir
gam Vir,eta Vir
eta Vir,bet Vir
bet Vir,c Vir
c Vir,eta Vir
c Vir,pi. Vir
pi. Vir,nu. Vir
nu. Vir,ksi Vir
ksi Vir,omi Vir
omi Vir,pi. Vir
ksi Vir,ome Vir
eta Vir,del Vir
del Vir,gam Vir
del Vir,eps Vir
eps Vir,zet Vir
zet Vir,alf Vir
zet Vir,109 Vir
109 Vir,phi Vir
phi Vir,iot Vir
iot Vir,mu. Vir
mu. Vir,phi Vir
iot Vir,kap Vir
kap Vir,lam Vir
lam Vir,i Vir
i Vir,alf Vir
2 Vul,alf Vul
alf Vul,15 Vul
15 Vul,23 Vul
23 Vul,41 Cyg
41 Cyg,HD 192685
HD 192685,14 Vul
14 Vul,13 Vul A
13 Vul A,alf Vul
2 Vul,alf Vul
alf Vul,15 Vul
15 Vul,23 Vul
23 Vul,41 Cyg
alf Vul,13 Vul A
13 Vul A,HD 192685
HD 192685,14 Vul
14 Vul,13 Vul A
eta UMa,zet01 UMa
zet01 UMa,eps UMa
del UMa,alf UMa
alf UMa,bet UMa
bet UMa,gam UMa
gam UMa,del UMa
del Ori,eps Ori
eps Ori,zet Ori
del Ori,eps Ori
eps Ori,zet Ori
eps Ori,iot Ori
iot Ori,tet01 Ori C
tet01 Ori C,c Ori
alf01 Cru,gam Cru
bet Cru,del Cru
alf Cen A,alf Cen A
bet Cen,bet Cen
bet Tau,iot Aur
iot Aur,alf Aur
alf Aur,bet Aur
bet Aur,bet Tau
alf Leo,eta Leo
eta Leo,gam01 Leo
del Leo,eta Leo
eta Leo,tet Leo
31 Leo,alf Leo
alf Leo,eta Leo
eta Leo,gam01 Leo
gam01 Leo,zet Leo
72 Leo,del Leo
del Leo,eta Leo
eta Leo,tet Leo
tet Leo,iot Leo
bet Leo,bet Leo
mu. Leo,mu. Leo
kap Leo,kap Leo
lam Leo,lam Leo
eps Leo,eps Leo
eps Sco,mu.01 Sco
mu.01 Sco,zet02 Sco
zet02 Sco,eta Sco
eta Sco,tet Sco
tet Sco,iot01 Sco
iot01 Sco,G Sco
lam Sco,lam Sco
lam Sco,ups Sco
ups Sco,kap Sco
kap Sco,iot01 Sco
iot01 Sco,tet Sco
tet Sco,eta Sco
eta Sco,zet02 Sco
zet02 Sco,mu.01 Sco
mu.01 Sco,eps Sco
eps Sco,tau Sco
tau Sco,alf Sco
alf Sco,sig Sco
sig Sco,c02 Sco
c02 Sco,rho Sco
rho Sco,pi. Sco
sig Sco,nu. Sco
nu. Sco,bet01 Sco
bet01 Sco,del Sco
gam Gru,lam Gru
lam Gru,del01 Gru
del01 Gru,bet Gru
bet Gru,alf Gru
alf Gru,eps Gru
eps Gru,zet Gru
zet Gru,iot Gru
iot Gru,bet Gru
alf CMa,alf CMa
del CMa,del CMa
eps CMa,eps CMa
alf Cyg,gam Cyg
gam Cyg,del UMa
del UMa,eps UMa
eps UMa,zet01 UMa
zet01 UMa,eta UMa
del UMa,gam UMa
gam UMa,lam UMa
lam UMa,mu. UMa
mu. UMa,alf Boo
alf Boo,eta Boo
alf Aur,bet Aur
bet Aur,alf Gem
alf Gem,bet Gem
bet Aur,eta Tau
eta Tau,alf Gem
bet Tau,bet Tau
iot Aur,iot Aur
del UMa,alf UMa
alf UMa,h UMa
h UMa,omi UMa
omi UMa,15 Lyn
15 Lyn,bet Aur
del UMa,bet UMa
bet UMa,36 UMa
36 UMa,tet UMa
tet UMa,iot UMa
iot UMa,kap UMa
kap UMa,31 Lyn
31 Lyn,alf Gem
27 Lyn,27 Lyn
bet Tri,gam01 And
gam01 And,bet Aur
alf Gem,alf Leo
alf Leo,omi Leo
gam UMa,chi UMa
chi UMa,psi UMa
psi UMa,mu. UMa
mu. UMa,lam UMa
alf Leo,gam01 Leo
gam01 Leo,zet Leo
zet Leo,mu. Leo
mu. Leo,eps Leo
omi Leo,alf Hya
del Boo,eps Boo
eps Boo,alf Boo
alf Tau,tet02 Tau
tet02 Tau,gam Tau
gam Tau,del Tau
del Tau,del03 Tau
del03 Tau,eps Tau
del Ori,eps Ori
eps Ori,zet Ori
zet Ori,eta Ori
eta Ori,del Ori
tet01 Ori C,del Ori
alf Gem,bet Gem
eps Hya,del Hya
del Hya,sig Hya
sig Hya,eta Hya
eta Hya,rho Hya
del Cnc,eps Cnc
eps Cnc,gam Cnc
alf Leo,eta Leo
eta Leo,gam01 Leo
gam01 Leo,zet Leo
zet Leo,mu. Leo
mu. Leo,eps Leo
eps Leo,eta Leo
del Crv,gam Crv
gam Crv,eps Crv
eps Crv,bet Crv
bet Crv,del Crv
del Sco,sig Sco
sig Sco,alf Sco
alf Sco,tau Sco
tau Sco,eps Sco
eps Sco,mu.01 Sco
mu.01 Sco,zet02 Sco
zet02 Sco,eta Sco
eta Sco,tet Sco
tet Sco,iot01 Sco
iot01 Sco,kap Sco
kap Sco,lam Sco
lam Sco,ups Sco
nu. Sco,bet01 Sco
bet01 Sco,del Sco
del Sco,pi. Sco
pi. Sco,rho Sco
eps Sgr,del Sgr
del Sgr,lam Sgr
lam Sgr,phi Sgr
phi Sgr,zet Sgr
zet Sgr,eps Sgr
alf01 Cru,gam Cru
bet Cru,del Cru
bet Car,del Vel
iot Car,eps Car
alf Cen A,bet Cen
gam Cas,eta Cas
eta Cas,alf Cas
alf Cas,bet Cas
bet Cas,gam Cas
gam Cas,del Cas
del Cas,eta Per
eta Per,gam Per
gam Per,alf Per
alf Per,del Per
del Per,nu. Per
nu. Per,eps Per
eps Per,ksi Per
ksi Per,zet Per
alf UMi,gam UMi
bet UMi,eta UMi
omi UMa,h UMa
h UMa,ups UMa
ups UMa,phi UMa
phi UMa,tet UMa
tet UMa,iot UMa
iot UMa,10 UMa
10 UMa,38 Lyn
38 Lyn,alf Lyn
alf Lyn,21 LMi
21 LMi,38 Lyn
alf And,del And
del And,bet And
bet And,gam01 And
omi And,iot And
iot And,kap And
kap And,lam And
iot And,sig And
sig And,pi. And
pi. And,del And
pi. And,bet And
bet And,mu. And
mu. And,nu. And
nu. And,phi And
phi And,ups Per
del And,eps And
eps And,zet And
zet And,eta And
iot Ant,alf Ant
alf Ant,eps Ant
alf Aps,gam Aps
del01 Aps,bet Aps
bet Aps,gam Aps
bet Aql,alf Aql
alf Aql,gam Aql
gam Aql,del Aql
del Aql,lam Aql
del Aql,zet Aql
del Aql,eta Aql
eta Aql,tet Aql
eps Aql,zet Aql
lam Aql,i Aql
tet Aql,iot Aql
iot Aql,lam Aql
lam Aql,zet Aql
eps Aqr,bet Aqr
bet Aqr,alf Aqr
alf Aqr,gam Aqr
gam Aqr,zet01 Aqr
zet01 Aqr,eta Aqr
zet01 Aqr,pi. Aqr
pi. Aqr,alf Aqr
iot Aqr,bet Aqr
alf Aqr,tet Aqr
tet Aqr,lam Aqr
lam Aqr,phi Aqr
phi Aqr,psi02 Aqr
psi02 Aqr,b01 Aqr
psi02 Aqr,c02 Aqr
psi02 Aqr,del Aqr
del Aqr,tau Aqr
tau Aqr,lam Aqr
gam Ara,del Ara
del Ara,eta Ara
eta Ara,zet Ara
zet Ara,eps01 Ara
eps01 Ara,alf Ara
alf Ara,tet Ara
alf Ara,bet Ara
gam01 Ari,bet Ari
bet Ari,alf Ari
alf Ari,41 Ari
bet Tau,iot Aur
iot Aur,eta Aur
eta Aur,alf Aur
alf Aur,bet Aur
bet Aur,tet Aur
tet Aur,bet Tau
eta Aur,zet Aur
zet Aur,eps Aur
eps Aur,alf Aur
alf Aur,del Aur
del Aur,bet Aur
alf Boo,eps Boo
eps Boo,del Boo
del Boo,bet Boo
bet Boo,gam Boo
gam Boo,rho Boo
rho Boo,alf Boo
alf Boo,eta Boo
eta Boo,tau Boo
alf Boo,zet Boo
gam Boo,lam Boo
lam Boo,tet Boo
tet Boo,kap02 Boo
kap02 Boo,lam Boo
gam Cae,bet Cae
bet Cae,alf Cae
alf Cae,del Cae
7 Cam,bet Cam
bet Cam,alf Cam
alf Cam,HD  42818
HD  42818,HD  49878
alf Cam,gam Cam
gam Cam,V BE Cam
V BE Cam,HD  21291
alf Cnc,del Cnc
del Cnc,bet Cnc
del Cnc,gam Cnc
gam Cnc,iot Cnc
bet CMa,alf CMa
alf CMa,del CMa
del CMa,eps CMa
del CMa,eta CMa
bet CMa,nu.02 CMa
nu.02 CMa,omi01 CMa
omi01 CMa,eps CMa
alf CMa,iot CMa
iot CMa,gam CMa
gam CMa,tet CMa
tet CMa,iot CMa
alf CMi,bet CMi
alf02 Cap,bet01 Cap
bet01 Cap,psi Cap
psi Cap,ome Cap
ome Cap,zet Cap
zet Cap,eps Cap
eps Cap,del Cap
del Cap,gam Cap
gam Cap,tet Cap
tet Cap,alf02 Cap
alf Car,bet Car
bet Car,ome Car
ome Car,tet Car
tet Car,p Car
p Car,q Car
q Car,iot Car
iot Car,del Vel
p Car,u Car
tet Car,z Car
z Car,y Car
y Car,x Car
x Car,u Car
iot Car,eps Car
eps Car,chi Car
chi Car,gam02 Vel
bet Cas,alf Cas
alf Cas,gam Cas
gam Cas,del Cas
del Cas,eps Cas
gam Cen,eps Cen
eps Cen,bet Cen
bet Cen,alf Cen A
eps Cen,zet Cen
zet Cen,gam Cen
zet Cen,ups01 Cen
ups01 Cen,phi Cen
phi Cen,eta Cen
phi Cen,chi Cen
chi Cen,psi Cen
psi Cen,tet Cen
tet Cen,nu. Cen
nu. Cen,zet Cen
pi. Cen,del Cen
del Cen,sig Cen
sig Cen,gam Cen
sig Cen,rho Cen
rho Cen,omi01 Cen
nu. Cen,d Cen
d Cen,iot Cen
iot Cen,l Cen
eta Cen,kap Cen
eta Cep,alf Cep
alf Cep,bet Cep
bet Cep,iot Cep
bet Cep,gam Cep
gam Cep,iot Cep
iot Cep,del Cep
del Cep,zet Cep
zet Cep,eps Cep
eps Cep,mu. Cep
mu. Cep,alf Cep
tet Cep,eta Cep
gam Cet,alf Cet
alf Cet,lam Cet
lam Cet,mu. Cet
mu. Cet,ksi02 Cet
ksi02 Cet,gam Cet
gam Cet,del Cet
del Cet,omi Cet
omi Cet,zet Cet
zet Cet,tau Cet
tau Cet,bet Cet
bet Cet,iot Cet
iot Cet,eta Cet
eta Cet,tet Cet
tet Cet,zet Cet
alf Cha,gam Cha
gam Cha,del02 Cha
del02 Cha,bet Cha
bet Cha,eps Cha
eps Cha,gam Cha
bet Cir,alf Cir
alf Cir,gam Cir
alf Col,bet Col
eps Col,alf Col
eta Col,bet Col
bet Col,gam Col
gam Col,del Col
alf Com,bet Com
bet Com,gam Com
gam CrA,alf CrA
alf CrA,bet CrA
bet CrA,del CrA
del CrA,tet CrA
tet CrB,bet CrB
bet CrB,alf CrB
alf CrB,gam CrB A
gam CrB A,del CrB
del CrB,eps CrB
eps CrB,iot CrB
del Crv,gam Crv
gam Crv,eps Crv
eps Crv,bet Crv
bet Crv,del Crv
eps Crv,alf Crv
alf Crt,bet Crt
bet Crt,gam Crt
gam Crt,zet Crt
zet Crt,eta Crt
gam Crt,del Crt
del Crt,eps Crt
eps Crt,tet Crt
del Crt,alf Crt
alf01 Cru,gam Cru
bet Cru,del Cru
alf02 CVn,bet CVn
alf Cyg,gam Cyg
gam Cyg,eps Cyg
gam Cyg,bet Cyg A
gam Cyg,del Cyg
del Cyg,iot Cyg
iot Cyg,kap Cyg
iot Cyg,omi02 Cyg
omi02 Cyg,alf Cyg
alf Cyg,nu. Cyg
nu. Cyg,zet Cyg
zet Cyg,eps Cyg
eps Del,bet Del
bet Del,alf Del
alf Del,gam02 Del
gam02 Del,del Del
del Del,bet Del
gam Dor,alf Dor
alf Dor,zet Dor
zet Dor,bet Dor
bet Dor,alf Dor
bet Dor,del Dor
del Dor,HD  40409
HD  40409,bet Dor
lam Dra,kap Dra
kap Dra,alf Dra
alf Dra,iot Dra
iot Dra,tet Dra
tet Dra,eta Dra
eta Dra,zet Dra
zet Dra,phi Dra
phi Dra,chi Dra
phi Dra,del Dra
del Dra,eps Dra
del Dra,ksi Dra
ksi Dra,nu.02 Dra
nu.02 Dra,bet Dra
bet Dra,gam Dra
gam Dra,ksi Dra
alf Equ,del Equ
del Equ,gam Equ
bet Eri,mu. Eri
mu. Eri,nu. Eri
nu. Eri,omi01 Eri
omi01 Eri,gam Eri
gam Eri,pi. Eri
pi. Eri,del Eri
del Eri,eps Eri
eps Eri,eta Eri
eta Eri,pi. Cet
pi. Cet,tau01 Eri
tau01 Eri,tau03 Eri
tau03 Eri,tau04 Eri
tau04 Eri,tau05 Eri
tau05 Eri,tau06 Eri
tau06 Eri,tau08 Eri
tau08 Eri,tau09 Eri
tau09 Eri,ups01 Eri
ups01 Eri,ups02 Eri
ups02 Eri,d Eri
d Eri,ups04 Eri
ups04 Eri,g Eri
g Eri,y Eri
y Eri,e Eri
e Eri,tet01 Eri
tet01 Eri,iot Eri
iot Eri,s Eri
s Eri,kap Eri
kap Eri,chi Eri
chi Eri,alf Eri
alf For,bet For
bet For,nu. For
ksi Gem,lam Gem
lam Gem,del Gem
del Gem,zet Gem
zet Gem,gam Gem
del Gem,ups Gem
ups Gem,kap Gem
ups Gem,bet Gem
ups Gem,iot Gem
iot Gem,tau Gem
tau Gem,alf Gem
tau Gem,tet Gem
tau Gem,eps Gem
eps Gem,nu. Gem
eps Gem,mu. Gem
mu. Gem,eta Gem
eta Gem,1 Gem
gam Gru,lam Gru
lam Gru,del01 Gru
del01 Gru,alf Gru
alf Gru,bet Gru
bet Gru,del01 Gru
bet Gru,eps Gru
eps Gru,zet Gru
del Her,alf Her
alf Her,bet Her
bet Her,gam Her
bet Her,zet Her
zet Her,eps Her
zet Her,eta Her
eta Her,sig Her
sig Her,tau Her
eta Her,pi. Her
pi. Her,rho Her
rho Her,tet Her
tet Her,iot Her
pi. Her,eps Her
eps Her,del Her
del Her,lam Her
lam Her,mu. Her
mu. Her,ksi Her
ksi Her,omi Her
chi Her,phi Her
phi Her,tau Her
gam Her,ome Her
ome Her,h Her
alf Hor,iot Hor
iot Hor,eta Hor
eta Hor,zet Hor
zet Hor,mu. Hor
mu. Hor,bet Hor
rho Hya,eta Hya
eta Hya,sig Hya
sig Hya,del Hya
del Hya,eps Hya
eps Hya,zet Hya
zet Hya,tet Hya
tet Hya,iot Hya
iot Hya,alf Hya
alf Hya,ups01 Hya
ups01 Hya,ups02 Hya
ups02 Hya,lam Hya
lam Hya,mu. Hya
mu. Hya,nu. Hya
nu. Hya,alf Crt
bet Crt,ksi Hya
ksi Hya,bet Hya
bet Hya,gam Hya
gam Hya,pi. Hya
pi. Hya,E Hya
bet Hyi,gam Hyi
gam Hyi,alf Hyi
alf Hyi,bet Hyi
bet Ind,eta Ind
eta Ind,alf Ind
alf Ind,tet Ind A
tet Ind A,del Ind
del Ind,bet Ind
5 Lac,alf Lac
alf Lac,bet Lac
bet Lac,4 Lac
4 Lac,5 Lac
5 Lac,2 Lac
2 Lac,6 Lac
6 Lac,11 Lac
11 Lac,5 Lac
6 Lac,HD 211073
HD 211073,1 Lac
10 LMi,21 LMi
21 LMi,bet LMi
bet LMi,46 LMi
46 LMi,30 LMi
30 LMi,21 LMi
alf Leo,eta Leo
eta Leo,gam01 Leo
gam01 Leo,zet Leo
zet Leo,mu. Leo
mu. Leo,eps Leo
gam01 Leo,del Leo
del Leo,bet Leo
bet Leo,tet Leo
tet Leo,del Leo
tet Leo,eta Leo
mu. Leo,kap Leo
kap Leo,lam Leo
lam Leo,eps Leo
eps Leo,eta Leo
tet Leo,iot Leo
iot Leo,sig Leo
eps Lep,mu. Lep
mu. Lep,alf Lep
alf Lep,bet Lep
bet Lep,eps Lep
lam Lep,mu. Lep
mu. Lep,kap Lep
bet Lep,gam Lep
gam Lep,del Lep
del Lep,tet Lep
tet Lep,eta Lep
eta Lep,zet Lep
zet Lep,alf Lep
alf02 Lib,bet Lib
alf02 Lib,sig Lib
bet Lib,gam Lib
gam Lib,alf02 Lib
gam Lib,ups Lib
ups Lib,tau Lib
alf Lup,zet Lup
zet Lup,eps Lup
eps Lup,gam Lup
gam Lup,del Lup
del Lup,bet Lup
gam Lup,eta Lup
eta Lup,phi01 Lup
phi01 Lup,chi Lup
chi Lup,eta Lup
eta Lup,zet Lup
alf Lyn,38 Lyn
38 Lyn,HD  77912
HD  77912,10 UMa
10 UMa,31 Lyn
31 Lyn,21 Lyn
21 Lyn,15 Lyn
15 Lyn,2 Lyn
alf Lyr,eps01 Lyr
eps01 Lyr,zet01 Lyr
zet01 Lyr,alf Lyr
zet01 Lyr,del02 Lyr
del02 Lyr,gam Lyr
gam Lyr,bet Lyr
bet Lyr,zet01 Lyr
15 Mon,13 Mon
13 Mon,eps Mon A
eps Mon A,18 Mon
18 Mon,13 Mon
18 Mon,del Mon
del Mon,bet Mon
bet Mon,gam Mon
del Mon,zet Mon
zet Mon,alf Mon
lam Mus,eps Mus
eps Mus,alf Mus
alf Mus,bet Mus
bet Mus,del Mus
del Mus,gam Mus
gam Mus,alf Mus
eta Nor,gam02 Nor
gam02 Nor,eps Nor
eps Nor,del Nor
del Nor,eta Nor
del Oct,nu. Oct
nu. Oct,bet Oct
bet Oct,del Oct
alf Oph,kap Oph
kap Oph,lam Oph
lam Oph,del Oph
del Oph,eps Oph
eps Oph,ups Oph
ups Oph,zet Oph
kap Oph,zet Oph
zet Oph,eta Oph
eta Oph,bet Oph
bet Oph,gam Oph
gam Oph,nu. Oph
bet Oph,alf Oph
eta Oph,tet Oph
tet Oph,d Oph
zet Oph,phi Oph
phi Oph,chi Oph
chi Oph,psi Oph
psi Oph,rho Oph
alf Ori,zet Ori
zet Ori,kap Ori
zet Ori,eps Ori
eps Ori,del Ori
del Ori,gam Ori
del Ori,eta Ori
eta Ori,bet Ori
alf Ori,gam Ori
gam Ori,lam Ori
lam Ori,alf Ori
11 Ori,omi02 Ori
omi02 Ori,pi.01 Ori
pi.01 Ori,pi.02 Ori
pi.02 Ori,pi.03 Ori
pi.03 Ori,gam Ori
pi.03 Ori,pi.04 Ori
pi.04 Ori,pi.05 Ori
pi.05 Ori,pi.06 Ori
alf Ori,mu. Ori
mu. Ori,nu. Ori
ksi Ori,chi02 Ori
chi02 Ori,chi01 Ori
chi01 Ori,nu. Ori
alf Pav,del Pav
del Pav,bet Pav
alf Pav,gam Pav
gam Pav,bet Pav
zet Pav,del Pav
del Pav,eps Pav
del Pav,kap Pav
kap Pav,pi. Pav
pi. Pav,eta Pav
pi. Pav,ksi Pav
ksi Pav,lam Pav
lam Pav,del Pav
pi. Peg,eta Peg
eta Peg,bet Peg
bet Peg,mu. Peg
mu. Peg,lam Peg
lam Peg,iot Peg
iot Peg,kap Peg
alf And,bet Peg
bet Peg,alf Peg
alf Peg,gam Peg
gam Peg,alf And
eps Peg,tet Peg
tet Peg,42 Peg
42 Peg,alf Peg
omi Per,zet Per
zet Per,ksi Per
ksi Per,eps Per
eps Per,del Per
del Per,alf Per
alf Per,gam Per
gam Per,eta Per
eta Per,tau Per
tau Per,gam Per
tau Per,iot Per
iot Per,alf Per
iot Per,kap Per
kap Per,bet Per
bet Per,eps Per
bet Per,rho Per
del Per,c Per
c Per,mu. Per
mu. Per,b Per
b Per,lam Per
iot Per,tet Per
tet Per,phi Per
alf Phe,bet Phe
bet Phe,gam Phe
alf Phe,eps Phe
eps Phe,bet Phe
bet Phe,zet Phe
zet Phe,del Phe
del Phe,gam Phe
alf Pic,gam Pic
gam Pic,bet Pic
phi Psc,ups Psc
ups Psc,tau Psc
tau Psc,phi Psc
phi Psc,eta Psc
eta Psc,omi Psc
omi Psc,alf Psc
alf Psc,nu. Psc
nu. Psc,eps Psc
eps Psc,del Psc
del Psc,ome Psc
ome Psc,iot Psc
iot Psc,tet Psc
tet Psc,gam Psc
gam Psc,kap Psc
kap Psc,lam Psc
lam Psc,iot Psc
alf PsA,del PsA
del PsA,gam PsA
gam PsA,bet PsA
bet PsA,mu. PsA
mu. PsA,iot PsA
iot PsA,tet PsA
tet PsA,mu. PsA
mu. PsA,eps PsA
eps PsA,alf PsA
gam02 Vel,zet Pup
zet Pup,rho Pup
rho Pup,ksi Pup
ksi Pup,k02 Pup
k02 Pup,p Pup
p Pup,pi. Pup
pi. Pup,nu. Pup
nu. Pup,alf Car
p Pup,l Pup
l Pup,omi Pup
omi Pup,ksi Pup
zet Pup,bet Pyx
bet Pyx,alf Pyx
alf Pyx,gam Pyx
alf Ret,bet Ret
bet Ret,del Ret
del Ret,eps Ret
eps Ret,alf Ret
gam Sge,del Sge
del Sge,alf Sge
del Sge,bet Sge
eps Sgr,gam02 Sgr
gam02 Sgr,del Sgr
del Sgr,eps Sgr
del Sgr,lam Sgr
lam Sgr,phi Sgr
phi Sgr,del Sgr
phi Sgr,sig Sgr
sig Sgr,tau Sgr
tau Sgr,zet Sgr
zet Sgr,phi Sgr
zet Sgr,eps Sgr
eps Sgr,eta Sgr
lam Sgr,mu. Sgr
rho01 Sgr,pi. Sgr
pi. Sgr,omi Sgr
omi Sgr,ksi02 Sgr
ksi02 Sgr,pi. Sgr
bet01 Sco,del Sco
del Sco,pi. Sco
del Sco,sig Sco
sig Sco,alf Sco
alf Sco,tau Sco
tau Sco,eps Sco
eps Sco,mu.01 Sco
mu.01 Sco,zet02 Sco
zet02 Sco,eta Sco
eta Sco,tet Sco
tet Sco,iot01 Sco
iot01 Sco,kap Sco
kap Sco,ups Sco
ups Sco,lam Sco
lam Sco,G Sco
bet01 Sco,nu. Sco
pi. Sco,rho Sco
alf Scl,del Scl
del Scl,gam Scl
gam Scl,bet Scl
bet Sct,alf Sct
alf Sct,gam Sct
gam Sct,del Sct
del Sct,bet Sct
bet Ser,gam Ser
gam Ser,kap Ser
kap Ser,iot Ser
iot Ser,bet Ser
bet Ser,del Ser
del Ser,alf Ser
alf Ser,eps Ser
eps Ser,mu. Ser
mu. Ser,del Oph
eta Oph,ksi Ser
ksi Ser,nu. Oph
nu. Oph,eta Ser
eta Ser,tet01 Ser
gam Sex,alf Sex
alf Sex,bet Sex
bet Sex,del Sex
zet Tau,alf Tau
alf Tau,tet02 Tau
tet02 Tau,gam Tau
gam Tau,del Tau
del Tau,eps Tau
eps Tau,bet Tau
ksi Tau,nu. Tau
omi Tau,10 Tau
gam Tau,lam Tau
lam Tau,ksi Tau
eps Tel,alf Tel
alf Tel,zet Tel
alf TrA,bet TrA
bet TrA,gam TrA
gam TrA,alf TrA
alf Tri,bet Tri
bet Tri,gam Tri
gam Tri,alf Tri
bet01 Tuc,zet Tuc
zet Tuc,eps Tuc
eps Tuc,del Tuc
del Tuc,alf Tuc
alf Tuc,gam Tuc
gam Tuc,bet01 Tuc
gam UMa,chi UMa
chi UMa,psi UMa
psi UMa,mu. UMa
mu. UMa,lam UMa
chi UMa,nu. UMa
nu. UMa,ksi UMa
del UMa,alf UMa
alf UMa,bet UMa
bet UMa,gam UMa
gam UMa,del UMa
del UMa,eps UMa
eps UMa,zet01 UMa
zet01 UMa,eta UMa
alf UMa,h UMa
h UMa,ups UMa
h UMa,omi UMa
omi UMa,ups UMa
ups UMa,bet UMa
ups UMa,tet UMa
tet UMa,kap UMa
kap UMa,iot UMa
alf UMi,del UMi
del UMi,eps UMi
eps UMi,zet UMi
zet UMi,eta UMi
eta UMi,gam UMi
gam UMi,bet UMi
bet UMi,zet UMi
del Vel,gam02 Vel
gam02 Vel,lam Vel
lam Vel,psi Vel
psi Vel,q Vel
q Vel,mu. Vel
mu. Vel,phi Vel
phi Vel,kap Vel
kap Vel,del Vel
eta Vir,omi Vir
omi Vir,nu. Vir
nu. Vir,bet Vir
bet Vir,eta Vir
eta Vir,gam Vir
gam Vir,del Vir
del Vir,eps Vir
gam Vir,tet Vir
tet Vir,alf Vir
gam Vir,zet Vir
zet Vir,tau Vir
tau Vir,109 Vir
zet Vir,iot Vir
iot Vir,mu. Vir
alf Vol,bet Vol
bet Vol,eps Vol
eps Vol,del Vol
del Vol,gam02 Vol
gam02 Vol,eps Vol
eps Vol,alf Vol
alf Vul,13 Vul A
del UMa,gam UMa
gam UMa,bet UMa
bet UMa,alf UMa A
alf UMa A,del UMa
eps UMa,zet01 UMa
zet01 UMa,eta UMa
tet CrB,bet CrB
bet CrB,alf CrB
alf CrB,gam CrB A
gam CrB A,del CrB
del CrB,eps CrB
eps CrB,iot CrB
eps UMa,eps UMa
zet01 UMa,zet01 UMa
eta UMa,eta UMa
gam UMa,gam UMa
bet UMa,bet UMa
alf UMa A,alf UMa A
del UMa,del UMa
zet Ori,eps Ori
eps Ori,del Ori
zet Ori,sig Ori
sig Ori,tet01 Ori C
tet01 Ori C,iot Ori
iot Ori,kap Ori
iot Ori,bet Ori
bet Cen,alf Cen A
alf01 Cru,bet Cru
bet Cru,gam Cru
gam Cru,del Cru
del Cru,alf01 Cru
bet Tau,iot Aur
iot Aur,eps Aur
eps Aur,alf Aur
alf Aur,HD  33167
HD  33167,58 Per
58 Per,zet Per
zet Per,omi Per
omi Per,16 Per
16 Per,phi Per
phi Per,eta Cas
eta Cas,alf Cas
alf Cas,phi And
phi And,bet And
bet And,pi. And
pi. And,HD 224635
HD 224635,14 And
14 And,tet And
tet And,mu. And
mu. And,zet Cas
zet Cas,bet Cas
bet Cas,gam Cas
gam Cas,del Cas
del Cas,chi Cas
chi Cas,bet Per
bet Per,alf Per
alf Per,mu. Per
mu. Per,9 Aur
9 Aur,bet Aur
bet Aur,nu. Aur
nu. Aur,rho Aur
rho Aur,mu. Aur
mu. Aur,bet Tau
alf Boo,eps Boo
eps Boo,sig Boo
sig Boo,del Boo
del Boo,tet CrB
tet CrB,bet CrB
bet CrB,alf CrB
alf CrB,gam CrB A
gam CrB A,del CrB
del CrB,eps CrB
eps CrB,iot CrB
iot CrB,rho CrB
rho CrB,7 CrB A
7 CrB A,mu.01 Boo
mu.01 Boo,chi Her
chi Her,sig Her
mu.01 Boo,bet Boo
bet Boo,gam Boo
gam Boo,rho Boo
rho Boo,sig Boo
gam Boo,lam Boo
lam Boo,i Boo A
eta CMa,ome CMa
ome CMa,del CMa
del CMa,omi02 CMa
omi02 CMa,eps CMa
p Pup,k02 Pup
k02 Pup,ksi Pup
ksi Pup,rho Pup
alf Tau,tet02 Tau
tet02 Tau,gam Tau
gam Tau,del Tau
del Tau,eps Tau
eps Tau,alf Tau
alf Ori,zet Ori
lam Ori,alf Ori
gam Ori,lam Ori
del Ori,gam Ori
del Ori,bet Ori
zet Ori,eps Ori
eps Ori,del Ori
alf01 Cru,bet Cru
bet Cru,gam Cru
gam Cru,del Cru
del Cru,alf01 Cru
alf Cen A,alf Cen A
bet Cen,bet Cen
eps Del,bet Del
bet Del,alf Del
alf Del,gam02 Del
gam02 Del,del Del
del Del,bet Del
alf UMa,bet UMa
bet UMa,gam UMa
gam UMa,del UMa
del UMa,eps UMa
eps UMa,zet01 UMa
zet01 UMa,eta UMa
alf01 Cru,gam Cru
bet Cru,del Cru
sig Sgr,phi Sgr
phi Sgr,del Sgr
del Sgr,gam02 Sgr
lam Sgr,del Sgr
del Sgr,eps Sgr
eps Sgr,eta Sgr
bet Aql,alf Aql
alf Aql,gam Aql
gam Aql,del Aql
del Aql,lam Aql
del Aql,zet Aql
del Aql,eta Aql
eta Aql,tet Aql
eps Aql,zet Aql
lam Aql,i Aql
alf Gem,alf Gem
bet Gem,bet Gem
del Ori,eps Ori
eps Ori,zet Ori
zet Ori,bet Ori
bet Ori,kap Ori
kap Ori,zet Ori
alf UMa,bet UMa
bet UMa,gam UMa
gam UMa,del UMa
del UMa,eps UMa
eps UMa,zet01 UMa
zet01 UMa,eta UMa
alf UMi,del UMi
del UMi,eps UMi
eps UMi,zet UMi
zet UMi,eta UMi
eta UMi,gam UMi
gam UMi,bet UMi
eta UMa,eta UMa
zet01 UMa,zet01 UMa
eps UMa,eps UMa
del UMa,alf UMa
alf UMa,bet UMa
bet UMa,gam UMa
gam UMa,del UMa
del Ori,eps Ori
eps Ori,zet Ori
alf01 Cru,gam Cru
bet Cru,del Cru
alf Cen A,alf Cen A
bet Cen,bet Cen
alf Peg,bet Peg
bet Peg,alf And
alf And,gam Peg
gam Peg,alf Peg
lam Sco,ups Sco
ups Sco,kap Sco
kap Sco,iot01 Sco
iot01 Sco,tet Sco
tet Sco,eta Sco
eta Sco,zet02 Sco
zet02 Sco,mu.01 Sco
mu.01 Sco,eps Sco
eps Sco,tau Sco
tau Sco,alf Sco
alf Sco,sig Sco
sig Sco,del Sco
lam Sco,ups Sco
ups Sco,kap Sco
kap Sco,iot01 Sco
iot01 Sco,tet Sco
tet Sco,eta Sco
eta Sco,zet02 Sco
zet02 Sco,mu.01 Sco
mu.01 Sco,eps Sco
eps Sco,tau Sco
tau Sco,alf Sco
alf Sco,sig Sco
sig Sco,c02 Sco
c02 Sco,rho Sco
rho Sco,pi. Sco
sig Sco,nu. Sco
nu. Sco,bet01 Sco
bet01 Sco,del Sco
alf Cyg,gam Cyg
gam Cyg,bet Cyg A
eta UMa,eta UMa
zet01 UMa,zet01 UMa
eps UMa,eps UMa
del UMa,alf UMa
alf UMa,bet UMa
bet UMa,gam UMa
gam UMa,del UMa
del Ori,eps Ori
eps Ori,zet Ori
bet Ori,bet Ori
kap Ori,kap Ori
alf Ori,alf Ori
alf Tau,eps Tau
eps Tau,del Tau
del Tau,gam Tau
eta Ori,eta Ori
tet02 Tau,tet02 Tau
alf01 Cru,gam Cru
bet Cru,del Cru
alf01 Cru,gam Cru
bet Cru,del Cru
bet Tau,iot Aur
iot Aur,eta Aur
eta Aur,alf Aur
alf Aur,bet Aur
bet Aur,tet Aur
tet Aur,bet Tau
alf Gem,alf Gem
bet Gem,bet Gem
alf CMa,alf CMa
del CMa,del CMa
eps CMa,eps CMa
del UMa,alf UMa
alf UMa,bet UMa
bet UMa,gam UMa
gam UMa,del UMa
del UMa,eps UMa
eps UMa,zet01 UMa
zet01 UMa,eta UMa
alf UMi,HD  81817
HD  81817,pi.02 UMa
pi.02 UMa,omi UMa
eta UMa,zet01 UMa
zet01 UMa,eps UMa
eps UMa,del UMa
del UMa,alf UMa
alf UMa,bet UMa
bet UMa,gam UMa
gam UMa,del UMa
pi.02 UMa,h UMa
h UMa,alf UMa
omi UMa,iot UMa
iot UMa,kap UMa
kap UMa,alf Lyn
alf Lyn,mu. UMa
mu. UMa,psi UMa
psi UMa,chi UMa
chi UMa,gam UMa
chi UMa,bet CVn
bet CVn,alf02 CVn
iot UMa,31 Lyn
alf Lyn,eps Leo
eps Leo,gam01 Leo
eta UMa,zet01 UMa
zet01 UMa,eps UMa
eps UMa,del UMa
del UMa,alf UMa
alf UMa,bet UMa
bet UMa,gam UMa
gam UMa,del UMa
bet UMa,psi UMa
psi UMa,nu. UMa
nu. UMa,ksi UMa
ksi UMa,bet Leo
bet Leo,del Leo
bet Leo,tet Leo
bet Leo,iot Leo
alf UMa,lam Dra
lam Dra,kap Dra
kap Dra,bet UMi
bet UMi,gam UMi
gam UMi,zet Dra
zet Dra,bet Dra
bet Dra,gam Dra
31 Lyn,iot UMa
iot UMa,kap UMa
kap UMa,tet UMa
tet UMa,bet UMa
alf UMa,h UMa
h UMa,omi UMa
omi UMa,del Aur
del Aur,bet Cam
bet Cam,V BE Cam
V BE Cam,eps Cas
eps Cas,gam Cas
gam Cas,bet Cas
gam Cas,alf Cas
gam Cas,eta Cas
gam Cas,zet Cas
gam Cas,tet Cas
bet Gem,gam Cnc
gam Cnc,del Cnc
del Cnc,eps Hya
eps Hya,del Hya
eps Hya,eta Hya
eps Hya,rho Hya
eps Hya,zet Hya
eps Hya,sig Hya
alf Hya,eps Hya
eps Hya,bet Cnc
bet Cnc,lam Gem
alf Gem,bet Gem
bet Gem,iot Cnc
iot Cnc,alf Lyn
alf Lyn,38 Lyn
38 Lyn,10 UMa
10 UMa,31 Lyn
31 Lyn,alf Gem
alf Gem,del Aur
del Aur,eta Tau
eta Tau,zet Tau
zet Tau,eta Gem
eta Gem,mu. Gem
mu. Gem,nu. Gem
mu. Gem,alf Gem
21 Lyn,21 Lyn
psi02 Aur,psi02 Aur
psi04 Aur,psi04 Aur
psi05 Aur,psi05 Aur
psi07 Aur,psi07 Aur
psi10 Aur,psi10 Aur
iot Aur,iot Aur
bet Tau,bet Tau
bet Cen,alf Cen A
alf Car,alf Aur
alf01 Cru,bet Cru
bet Cru,gam Cru
gam Cru,del Cru
del Cru,alf01 Cru
gam Ori,del Ori
del Ori,eps Ori
eps Ori,zet Ori
zet Ori,kap Ori
eps Ori,bet Ori
eps CrA,gam CrA
gam CrA,alf CrA
alf CrA,bet CrA
bet CrA,del CrA
del CrA,zet CrA
alf Lyr,alf Aql
alf Aql,alf Cyg
alf Cyg,alf Lyr
bet Ori,del Ori
del Ori,eps Ori
eps Ori,zet Ori
alf01 Cru,bet Cru
bet Cru,gam Cru
gam Cru,del Cru
del Cru,alf01 Cru
eta UMa,zet01 UMa
zet01 UMa,eps UMa
eps UMa,del UMa
del UMa,alf UMa
alf UMa,alf UMi
alf UMi,del UMi
del UMi,eps UMi
eps UMi,zet UMi
zet UMi,bet UMi
del Cen,gam Cru
gam Cru,del Cru
del Cru,del Cen
alf01 Cru,del Cru
bet Cru,gam Cru
bet Cen,alf Cen A
G Sco,lam Sco
lam Sco,ups Sco
ups Sco,kap Sco
kap Sco,iot01 Sco
iot01 Sco,tet Sco
tet Sco,alf Ara
alf Ara,bet Ara
bet Ara,tet Ara
tet Ara,alf Tel
alf Tel,eps Sgr
eps Sgr,del Sgr
del Sgr,sig Sgr
sig Sgr,phi Sgr
phi Sgr,lam Sgr
lam Sgr,mu. Sgr
mu. Sgr,del Sgr
del Sgr,gam02 Sgr
gam02 Sgr,G Sco
bet01 Sco,rho Sco
rho Sco,sig Sco
sig Sco,bet01 Sco
sig Sco,alf Sco
alf Sco,tau Sco
tau Sco,eps Sco
eps Sco,mu.01 Sco
mu.01 Sco,zet02 Sco
del Sco,del Sco
pi. Sco,pi. Sco
bet UMa,alf UMa
alf UMa,lam Dra
lam Dra,kap Dra
kap Dra,alf Dra
alf Dra,tet Boo
gam UMa,del UMa
eps UMa,eps UMa
zet01 UMa,eta UMa
zet Ori,eps Ori
eps Ori,del Ori
pi.03 Ori,pi.04 Ori
pi.04 Ori,pi.05 Ori
eta UMa,zet01 UMa
zet01 UMa,eps UMa
eps UMa,del UMa
del UMa,gam UMa
gam UMa,bet UMa
bet UMa,alf UMa
alf UMa,del UMa
alf UMa,alf UMi
zet Ori,zet Ori
eps Ori,eps Ori
del Ori,del Ori
bet Aql,alf Aql
alf Aql,gam Aql
eps Cas,del Cas
del Cas,gam Cas
gam Cas,alf Cas
alf Cas,bet Cas
tet CrB,tet CrB
bet CrB,bet CrB
alf CrB,alf CrB
gam CrB A,gam CrB A
del CrB,del CrB
eps CrB,eps CrB
phi Sgr,sig Sgr
sig Sgr,tau Sgr
tau Sgr,zet Sgr
zet Sgr,phi Sgr
phi Sgr,lam Sgr
lam Sgr,mu. Sgr
del Boo,tet CrB
tet CrB,bet CrB
bet CrB,alf CrB
alf CrB,gam CrB A
gam CrB A,del CrB
del CrB,eps CrB
eps CrB,iot CrB
iot CrB,rho CrB
rho CrB,kap CrB
kap CrB,7 CrB A
7 CrB A,mu.01 Boo
del UMa,gam UMa
gam UMa,bet UMa
bet UMa,alf UMa A
alf UMa A,del UMa
eps UMa,zet01 UMa
zet01 UMa,eta UMa
eta UMa,gam Boo
gam Boo,eps Boo
eps Boo,alf Boo
alf Boo,eta Boo
gam UMi,bet UMi
bet UMi,4 UMi
tet CrB,bet CrB
bet CrB,alf CrB
alf CrB,gam CrB A
gam CrB A,del CrB
del CrB,eps CrB
eps CrB,iot CrB
iot CrB,tet CrB
del Ori,del Ori
eps Ori,eps Ori
zet Ori,zet Ori
kap Vel,del Vel
del Vel,eps Car
eps Car,iot Car
iot Car,kap Vel
ksi02 Sgr,omi Sgr
omi Sgr,pi. Sgr
pi. Sgr,rho01 Sgr
rho01 Sgr,ups Sgr
zet Sgr,tau Sgr
tau Sgr,sig Sgr
sig Sgr,phi Sgr
phi Sgr,zet Sgr
ups Sco,ups Sco
lam Sco,lam Sco
zet01 Sco,zet01 Sco
zet02 Sco,zet02 Sco
alf Cen A,alf Cen A
bet Cen,bet Cen
alf01 Cru,gam Cru
bet Cru,del Cru
alf Tau,tet02 Tau
tet02 Tau,gam Tau
gam Tau,del Tau
del Tau,eps Tau
tet Cap,eta Cap
eta Cap,chi Cap
chi Cap,phi Cap
zet Cap,b Cap
b Cap,eps Cap
eps Cap,del Cap
del Cap,gam Cap
gam Cap,iot Cap
eta UMa,zet01 UMa
zet01 UMa,eps UMa
del UMa,alf UMa
alf UMa,bet UMa
bet UMa,gam UMa
gam UMa,del UMa
alf01 Cru,gam Cru
bet Cru,del Cru
del Ori,eps Ori
eps Ori,zet Ori
eta UMa,eta UMa
zet01 UMa,zet01 UMa
eps UMa,eps UMa
del UMa,alf UMa
alf UMa,bet UMa
bet UMa,gam UMa
gam UMa,del UMa
del Ori,eps Ori
eps Ori,zet Ori
alf Tau,tet02 Tau
tet02 Tau,gam Tau
gam Tau,del Tau
del Tau,del03 Tau
del03 Tau,eps Tau
gam Tau,lam Tau
lam Sco,ups Sco
ups Sco,kap Sco
kap Sco,iot01 Sco
iot01 Sco,tet Sco
tet Sco,eta Sco
eta Sco,zet02 Sco
zet02 Sco,mu.01 Sco
mu.01 Sco,eps Sco
eps Sco,tau Sco
tau Sco,alf Sco
alf Sco,sig Sco
sig Sco,del Sco
kap02 Tau,kap02 Tau
ups Tau,ups Tau
kap02 Tau,kap02 Tau
ups Tau,ups Tau
del Boo,eta CrB
eta CrB,bet CrB
bet CrB,alf CrB
alf CrB,gam CrB A
gam CrB A,del CrB
del CrB,eps CrB
eps CrB,iot CrB
iot CrB,rho CrB
rho CrB,kap CrB
kap CrB,7 CrB A
7 CrB A,mu.01 Boo
mu.01 Boo,del Boo
eta UMa,zet01 UMa
zet01 UMa,eps UMa
eps UMa,del UMa
del UMa,gam UMa
gam UMa,bet UMa
bet UMa,alf UMa
alf UMa,del UMa
alf UMi,del UMi
del UMi,eps UMi
eps UMi,zet UMi
zet UMi,eta UMi
eta UMi,gam UMi
gam UMi,bet UMi
bet UMi,zet UMi
lam Sco,ups Sco
del Sco,sig Sco
sig Sco,alf Sco
alf Sco,tau Sco
tau Sco,eps Sco
eps Sco,mu.01 Sco
mu.01 Sco,zet02 Sco
zet02 Sco,eta Sco
eta Sco,tet Sco
tet Sco,iot01 Sco
iot01 Sco,kap Sco
bet Cas,alf Cas
alf Cas,gam Cas
gam Cas,del Cas
del Cas,eps Cas
zet Ori,eps Ori
eps Ori,del Ori
alf Cyg,gam Cyg
gam Cyg,eps Cyg
gam Cyg,bet Cyg A
gam Cyg,del Cyg
eps Del,bet Del
bet Del,alf Del
alf Del,gam02 Del
del Del,del Del
zet Tau,alf Tau
alf Tau,tet02 Tau
tet02 Tau,gam Tau
gam Tau,del Tau
del Tau,eps Tau
eps Tau,tau Tau
alf Ori,gam Ori
gam Ori,bet Ori
bet Ori,kap Ori
kap Ori,alf Ori
eta UMa,zet01 UMa
zet01 UMa,eps UMa
eps UMa,del UMa
del UMa,alf UMa
alf UMa,bet UMa
bet UMa,gam UMa
gam UMa,del UMa
alf Aur,eta Aur
eta Aur,eps Aur
eps Aur,zet Aur
zet Aur,eta Aur
gam Cep,bet Cep
bet Cep,alf Cep
alf Cep,mu. Cep
mu. Cep,zet Cep
zet Cep,del Cep
eps Cas,del Cas
del Cas,gam Cas
gam Cas,kap Cas
kap Cas,bet Cas
del Cas,tet Cas
gam Cas,alf Cas
tet CrB,bet CrB
bet CrB,alf CrB
alf CrB,gam CrB A
gam CrB A,del CrB
del CrB,eps CrB
eps CrB,iot CrB
iot CrB,tet CrB
gam Aql,alf Aql
alf Aql,bet Aql
alf Lyr,zet01 Lyr
zet01 Lyr,del02 Lyr
del02 Lyr,gam Lyr
gam Lyr,bet Lyr
bet Lyr,zet01 Lyr
gam01 And,bet And
bet And,del And
del And,alf And
alf And,bet Peg
bet Peg,alf Peg
alf And,gam Peg
alf UMi,del UMi
del UMi,eps UMi
eps UMi,zet UMi
zet UMi,eta UMi
eta UMi,gam UMi
gam UMi,bet UMi
bet UMi,zet UMi
alf Gem,bet Gem
eps Cyg,gam Cyg
gam Cyg,del Cyg
alf Cyg,gam Cyg
gam Cyg,eta Cyg
eta Cyg,bet Cyg A
eps Del,bet Del
bet Del,gam02 Del
del Del,alf Del
del Cap,kap Cap
kap Cap,eps Cap
eps Cap,zet Cap
zet Cap,ome Cap
ome Cap,psi Cap
psi Cap,bet01 Cap
bet01 Cap,alf02 Cap
alf02 Cap,tet Cap
tet Cap,iot Cap
iot Cap,gam Cap
gam Cap,del Cap
alf Cnc,del Cnc
del Cnc,gam Cnc
gam Cnc,iot Cnc
bet Cnc,del Cnc
alf Leo,tet Leo
tet Leo,bet Leo
bet Leo,del Leo
del Leo,gam01 Leo
gam01 Leo,eta Leo
eta Leo,alf Leo
gam01 Leo,zet Leo
zet Leo,mu. Leo
mu. Leo,eps Leo
ksi Dra,gam Dra
gam Dra,bet Dra
bet Dra,nu.02 Dra
nu.02 Dra,ksi Dra
ksi Dra,del Dra
del Dra,eps Dra
eps Dra,tau Dra
tau Dra,chi Dra
chi Dra,zet Dra
zet Dra,eta Dra
eta Dra,tet Dra
tet Dra,iot Dra
iot Dra,alf Dra
alf Dra,kap Dra
kap Dra,lam Dra
del Crv,gam Crv
gam Crv,eps Crv
eps Crv,alf Crv
alf Crv,bet Crv
bet Crv,del Crv
sig Lib,gam Lib
gam Lib,bet Lib
bet Lib,alf02 Lib
alf02 Lib,sig Lib
alf Vir,gam Vir
gam Vir,eta Vir
eta Vir,bet Vir
bet Vir,nu. Vir
nu. Vir,pi. Vir
pi. Vir,omi Vir
gam Vir,del Vir
del Vir,zet Vir
zet Vir,alf Vir
HD 132833,11 Lib
11 Lib,109 Vir
109 Vir,HD 132525
HD 132525,31 Boo
31 Boo,tau Vir
tau Vir,zet Vir
del Vir,eps Vir
bet Psc,gam Psc
gam Psc,kap Psc
kap Psc,lam Psc
lam Psc,ome Psc
ome Psc,del Psc
del Psc,eps Psc
eps Psc,zet Psc A
zet Psc A,mu. Psc
mu. Psc,nu. Psc
nu. Psc,ksi Psc
ksi Psc,alf Psc
alf Psc,omi Psc
omi Psc,eta Psc
eta Psc,chi Psc
chi Psc,74 Psc A
74 Psc A,tau Psc
tau Psc,ups Psc
ups Psc,phi Psc
phi Psc,chi Psc
bet Psc,tet Psc
tet Psc,iot Psc
iot Psc,ome Psc
gam01 Ari,bet Ari
bet Ari,alf Ari
alf Ari,41 Ari
41 Ari,eps Ari
eps Ari,del Ari
eps Ari,zet Ari
alf CMa,bet CMa
bet CMa,zet CMa
zet CMa,eps CMa
eps CMa,sig CMa
sig CMa,eta CMa
eps CMa,alf CMa
alf CMi,bet CMi
ups Boo,eta Boo
eta Boo,zet Boo
zet Boo,omi Boo
omi Boo,eps Boo
eps Boo,del Boo
del Boo,bet Boo
bet Boo,gam Boo
gam Boo,rho Boo
rho Boo,eps Boo
eps Boo,eta Boo
eta Boo,tau Boo
del Boo,mu.01 Boo
mu.01 Boo,nu.02 Boo
gam Boo,lam Boo
lam Boo,kap02 Boo
tet Boo,lam Boo
gam Col,kap Col
alf Col,gam Col
gam Col,bet Col
bet Col,eps Col
k Aqr,eps Aqr
eps Aqr,mu. Aqr
mu. Aqr,bet Aqr
bet Aqr,alf Aqr
alf Aqr,gam Aqr
gam Aqr,zet01 Aqr
zet01 Aqr,pi. Aqr
eta Aqr,zet01 Aqr
gam Aqr,lam Aqr
lam Aqr,chi Aqr
chi Aqr,psi02 Aqr
psi02 Aqr,HD 223807
HD 223807,HD 223774
HD 223774,104 Aqr
104 Aqr,b01 Aqr
b01 Aqr,del Aqr
del Aqr,tau Aqr
tau Aqr,iot Aqr
iot Aqr,bet Aqr
gam Aqr,rho Aqr
rho Aqr,iot Aqr
i03 Aqr,i02 Aqr A
i02 Aqr A,104 Aqr
ksi01 Cet,ksi02 Cet
ksi02 Cet,mu. Cet
mu. Cet,lam Cet
lam Cet,alf Cet
alf Cet,gam Cet
gam Cet,nu. Cet
nu. Cet,ksi02 Cet
gam Cet,del Cet
del Cet,67 Cet
67 Cet,zet Cet
zet Cet,rho Cet
rho Cet,eps Cet
eps Cet,pi. Cet
pi. Cet,sig Cet
sig Cet,rho Cet
zet Cet,tet Cet
tet Cet,eta Cet
eta Cet,tau Cet
tau Cet,zet Cet
V BK Cet,tau Cet
eta Cet,bet Cet
bet Cet,iot Cet
gam Ori,del Ori
del Ori,eps Ori
eps Ori,zet Ori
zet Ori,kap Ori
kap Ori,bet Ori
bet Ori,del Ori
c Ori,tet02 Ori A
tet02 Ori A,HD  36960
HD  36960,ups Ori
ups Ori,e Ori
e Ori,tau Ori
zet Ori,eps Ori
eps Ori,del Ori
bet Ori,eps Ori
alf Tau,tet02 Tau
tet02 Tau,gam Tau
gam Tau,del Tau
del Tau,eps Tau
eps Tau,alf Tau
tau Her,sig Her
sig Her,eta Her
eta Her,pi. Her
pi. Her,e Her
e Her,rho Her
rho Her,tet Her
tet Her,iot Her
eta Her,zet Her
zet Her,eps Her
eps Her,pi. Her
zet Her,bet Her
bet Her,gam Her
eps Her,lam Her
lam Her,mu. Her
mu. Her,ksi Her
ksi Her,omi Her
omi Her,100 Her B
100 Her B,V V831 Her
pi. Ser,rho Ser
rho Ser,iot Ser
iot Ser,kap Ser
kap Ser,gam Ser
gam Ser,bet Ser
bet Ser,kap Ser
kap Ser,rho Ser
bet Ser,del Ser
del Ser,alf Ser
alf Ser,eps Ser
eps Ser,del Oph
del Oph,eps Oph
eps Oph,zet Oph
zet Oph,eta Oph
eta Oph,c Oph
c Oph,ksi Ser
ksi Ser,nu. Oph
nu. Oph,eta Ser
eta Ser,tet01 Ser
tet01 Ser,72 Oph
72 Oph,alf Oph
alf Oph,kap Oph
kap Oph,lam Oph
lam Oph,del Oph
alf Oph,bet Oph
bet Oph,sig Oph
bet Oph,gam Oph
gam Oph,67 Oph
67 Oph,68 Oph
68 Oph,70 Oph
66 Oph,67 Oph
f Lup,ups Lib
ups Lib,tau Lib
tau Lib,rho Sco
rho Sco,pi. Sco
pi. Sco,del Sco
del Sco,bet01 Sco
del Sco,alf Sco
alf Sco,tau Sco
tau Sco,eps Sco
eps Sco,mu.01 Sco
zet Per,ksi Per
ksi Per,eps Per
eps Per,omi Per
omi Per,zet Per
eps Per,alf Per
alf Per,gam Per
gam Per,eta Per
eta Per,tau Per
tau Per,tet Per
tet Per,iot Per
iot Per,alf Per
alf Per,kap Per
kap Per,bet Per
bet Per,rho Per
16 Per,bet Per
phi Sgr,eps Sgr
eps Sgr,del Sgr
del Sgr,lam Sgr
lam Sgr,phi Sgr
phi Sgr,sig Sgr
lam Sgr,28 Sgr
28 Sgr,ksi02 Sgr
ksi02 Sgr,omi Sgr
omi Sgr,pi. Sgr
pi. Sgr,d Sgr
d Sgr,rho01 Sgr
zet Ori,eps Ori
eps Ori,del Ori
alf UMi,del UMi
del UMi,eps UMi
eps UMi,zet UMi
zet UMi,eta UMi
eta UMi,gam UMi
gam UMi,bet UMi
bet UMi,zet UMi
lam Dra,kap Dra
kap Dra,alf Dra
alf Dra,iot Dra
iot Dra,tet Dra
tet Dra,eta Dra
eta Dra,zet Dra
zet Dra,ome Dra
ome Dra,phi Dra
phi Dra,del Dra
del Dra,pi. Dra
pi. Dra,omi Dra
omi Dra,ksi Dra
ksi Dra,bet Dra
bet Dra,gam Dra
gam Dra,ksi Dra
15 Dra,eta Dra
15 Dra,zet Dra
bet Cam,alf Cam
alf Cam,42 Cam
42 Cam,bet Cam
42 Cam,43 Cam
bet Cas,alf Cas
alf Cas,gam Cas
gam Cas,del Cas
del Cas,eps Cas
kap Cas,bet Cas
kap Cas,gam Cas
zet Cas,alf Cas
tet Cas,alf Cas
tet Cas,del Cas
eta Cep,alf Cep
alf Cep,bet Cep
bet Cep,iot Cep
bet Cep,gam Cep
iot Cep,del Cep
del Cep,alf Cep
alf Cep,iot Cep
del UMa,alf UMa
alf UMa,bet UMa
bet UMa,gam UMa
gam UMa,del UMa
del UMa,eps UMa
eps UMa,zet01 UMa
zet01 UMa,eta UMa
alf UMa,ups UMa
ups UMa,h UMa
bet UMa,tet UMa
tet UMa,kap UMa
kap UMa,iot UMa
gam UMa,chi UMa
chi UMa,psi UMa
psi UMa,mu. UMa
mu. UMa,lam UMa
lam UMa,tet UMa
psi UMa,bet UMa
10 LMi,alf Lyn
alf Lyn,38 Lyn
38 Lyn,10 UMa
10 UMa,2 Lyn
alf Gem,eps Gem
eps Gem,mu. Gem
mu. Gem,nu. Gem
nu. Gem,gam Gem
gam Gem,zet Gem
zet Gem,del Gem
del Gem,bet Gem
bet Gem,alf Gem
eps Gem,zet Gem
alf Aur,bet Aur
bet Aur,tet Aur
tet Aur,iot Aur
iot Aur,alf Aur
alf Aur,eps Aur
eps Aur,eta Aur
eps Aur,zet Aur
eps Aur,iot Aur
alf Aur,del Aur
del Aur,bet Aur
del Aur,ksi Aur
alf CMi,bet CMi
alf Cnc,del Cnc
del Cnc,bet Cnc
del Cnc,gam Cnc
alf Cnc,45 Cnc
45 Cnc,bet Cnc
chi Cnc,gam Cnc
chi Cnc,bet Cnc
gam Per,alf Per
alf Per,bet Per
bet Per,tet Per
tet Per,gam Per
alf Per,del Per
del Per,eps Per
eps Per,bet Per
bet Per,zet Per
zet Per,eps Per
bet Per,rho Per
rho Per,pi. Per
del Per,mu. Per
mu. Per,lam Per
lam Per,del Per
alf Tri,bet Tri
bet Tri,gam Tri
gam Tri,alf Tri
gam01 Ari,bet Ari
bet Ari,alf Ari
alf Ari,del Ari
35 Ari,39 Ari
39 Ari,41 Ari
41 Ari,35 Ari
5 Lac,alf Lac
5 Lac,1 Lac
gam01 And,ups And
ups And,bet And
bet And,del And
del And,alf And
alf And,omi And
omi And,gam01 And
del And,eps And
eps And,zet And
bet And,mu. And
mu. And,nu. And
nu. And,ups And
lam And,kap And
kap And,iot And
iot And,lam And
alf And,bet Peg
bet Peg,alf Peg
alf Peg,gam Peg
gam Peg,alf And
eps Peg,tet Peg
tet Peg,42 Peg
42 Peg,alf Peg
eta Peg,bet Peg
bet Peg,mu. Peg
mu. Peg,lam Peg
eta Peg,lam Peg
lam Peg,iot Peg
iot Peg,kap Peg
alf And,bet Peg
bet Peg,alf Peg
alf Peg,gam Peg
gam Peg,alf And
alf And,42 Peg
42 Peg,eps Peg
eps Peg,eta Peg
eta Peg,bet Peg
eps Peg,1 Peg
1 Peg,kap Peg
kap Peg,iot Peg
iot Peg,lam Peg
lam Peg,mu. Peg
mu. Peg,eta Peg
eta Peg,iot Peg
alf Lyr,bet Lyr
bet Lyr,gam Lyr
gam Lyr,del02 Lyr
del02 Lyr,alf Lyr
eps Del,bet Del
bet Del,alf Del
alf Del,gam02 Del
gam02 Del,del Del
del Del,bet Del
alf Equ,bet Equ
bet Equ,del Equ
del Equ,gam Equ
gam Equ,alf Equ
alf Cyg,gam Cyg
gam Cyg,bet Cyg A
gam Cyg,del Cyg
gam Cyg,zet Cyg
zet Cyg,mu. Cyg
omi02 Cyg,alf Cyg
omi02 Cyg,tet Cyg
tet Cyg,kap Cyg
alf Cyg,ksi Cyg
ksi Cyg,nu. Cyg
nu. Cyg,lam Cyg
lam Cyg,eps Cyg
eps Cyg,41 Cyg
nu. Cyg,tau Cyg
ksi Cyg,rho Cyg
rho Cyg,pi.02 Cyg
alf Vul,13 Vul A
13 Vul A,23 Vul
23 Vul,15 Vul
23 Vul,HD 192685
gam Sge,del Sge
del Sge,alf Sge
alf Sge,bet Sge
alf Her,eps Her
eps Her,eta Her
eta Her,sig Her
sig Her,tau Her
eps Her,zet Her
eta Her,zet Her
zet Her,bet Her
bet Her,gam Her
gam Her,alf Her
eta Her,pi. Her
pi. Her,rho Her
rho Her,tet Her
tet Her,ksi Her
ksi Her,mu. Her
mu. Her,del Her
rho Her,iot Her
ksi Her,omi Her
omi Her,95 Her A
95 Her A,109 Her
109 Her,110 Her
bet CrB,alf CrB
alf CrB,gam CrB A
gam CrB A,del CrB
del CrB,eps CrB
eps CrB,bet CrB
eps Ser,alf Ser
lam Ser,alf Ser
alf Ser,del Ser
del Ser,bet Ser
bet Ser,gam Ser
gam Ser,kap Ser
kap Ser,iot Ser
iot Ser,rho Ser
alf Boo,eps Boo
eps Boo,del Boo
del Boo,bet Boo
bet Boo,gam Boo
gam Boo,rho Boo
rho Boo,eps Boo
gam Boo,eps Boo
eps Boo,ksi Boo
ksi Boo,pi.01 Boo
pi.01 Boo,zet Boo
zet Boo,alf Boo
alf Boo,eta Boo
eta Boo,tau Boo
tau Boo,ups Boo
ups Boo,eta Boo
bet Boo,mu.01 Boo
mu.01 Boo,7 CrB A
bet Boo,lam Boo
lam Boo,tet Boo
gam Boo,lam Boo
alf Boo,ksi Boo
alf02 CVn,bet CVn
alf Com,35 Com
35 Com,bet Com
bet Com,gam Com
gam Com,14 Com
14 Com,16 Com
16 Com,17 Com
17 Com,18 Com
18 Com,23 Com
23 Com,35 Com
alf Com,27 Com
27 Com,23 Com
alf Com,70 Vir
bet Aql,alf Aql
alf Aql,gam Aql
eta Aql,tet Aql
tet Aql,l Aql
eta Aql,del Aql
del Aql,zet Aql
zet Aql,eps Aql
eta Aql,iot Aql
iot Aql,lam Aql
lam Aql,kap Aql
kap Aql,iot Aql
i Aql,bet Sct
bet Sct,alf Sct
alf Sct,i Aql
alf Psc,zet Psc A
zet Psc A,eta Psc
zet Psc A,eps Psc
eps Psc,del Psc
alf PsA,eps PsA
eps PsA,bet PsA
bet PsA,alf PsA
bet PsA,mu. PsA
mu. PsA,iot PsA
iot PsA,tet PsA
tet PsA,mu. PsA
bet Aqr,alf Aqr
alf Aqr,gam Aqr
gam Aqr,zet01 Aqr
zet01 Aqr,eta Aqr
gam Aqr,del Aqr
del Aqr,c02 Aqr
gam Aqr,lam Aqr
lam Aqr,del Aqr
iot Aqr,ksi Aqr
ksi Aqr,bet Aqr
iot Aqr,tet Aqr
tet Aqr,gam Aqr
nu. Cap,alf02 Cap
alf02 Cap,bet01 Cap
bet01 Cap,del Cap
del Cap,gam Cap
gam Cap,eps Cap
eps Sgr,gam02 Sgr
gam02 Sgr,del Sgr
del Sgr,eps Sgr
eps Sgr,zet Sgr
zet Sgr,del Sgr
del Sgr,lam Sgr
lam Sgr,mu. Sgr
mu. Sgr,pi. Sgr
pi. Sgr,omi Sgr
omi Sgr,sig Sgr
sig Sgr,zet Sgr
zet Sgr,tau Sgr
tau Sgr,omi Sgr
eps Sgr,gam02 Sgr
gam02 Sgr,del Sgr
del Sgr,eps Sgr
eps Sgr,zet Sgr
zet Sgr,del Sgr
zet Sgr,sig Sgr
sig Sgr,del Sgr
del Sgr,lam Sgr
lam Sgr,mu. Sgr
mu. Sgr,pi. Sgr
pi. Sgr,omi Sgr
omi Sgr,tau Sgr
tau Sgr,zet Sgr
ups Sco,lam Sco
lam Sco,kap Sco
kap Sco,iot01 Sco
kap Sco,tet Sco
tet Sco,eta Sco
eta Sco,zet02 Sco
zet02 Sco,mu.01 Sco
mu.01 Sco,eps Sco
eps Sco,tau Sco
tau Sco,alf Sco
alf Sco,pi. Sco
pi. Sco,del Sco
del Sco,bet01 Sco
bet01 Sco,alf Sco
alf Sco,rho Sco
rho Sco,pi. Sco
alf02 Lib,sig Lib
sig Lib,iot Lib
iot Lib,alf02 Lib
alf02 Lib,bet Lib
bet Lib,eps Lib
eps Lib,gam Lib
gam Lib,iot Lib
gam Lib,eta Lib
eta Lib,tet Lib
tet Lib,48 Lib
48 Lib,bet Lib
tet Lib,kap Lib
kap Lib,sig Lib
kap Lib,41 Lib
41 Lib,zet04 Lib
zet04 Lib,gam Lib
zet04 Lib,iot Lib
alf Crv,bet Crv
bet Crv,del Crv
del Crv,gam Crv
gam Crv,eps Crv
eps Crv,alf Crv
alf Crt,bet Crt
bet Crt,del Crt
del Crt,gam Crt
gam Crt,alf Crt
tet Crt,eps Crt
eps Crt,del Crt
eta Crt,zet Crt
zet Crt,gam Crt
eps Crt,zet Crt
eta Crt,tet Crt
alf Cen A,bet Cen
bet Cen,eps Cen
eps Cen,zet Cen
zet Cen,eta Cen
zet Cen,nu. Cen
nu. Cen,tet Cen
tet Cen,eta Cen
tet Cen,iot Cen
iot Cen,gam Cen
gam Cen,del Cen
del Cen,lam Cen
alf Col,bet Col
bet Col,del Col
del Col,alf Col
alf Lep,bet Lep
bet Lep,gam Lep
gam Lep,del Lep
del Lep,alf Lep
alf Lep,mu. Lep
mu. Lep,eps Lep
eps Lep,bet Lep
alf Lep,zet Lep
bet CMa,alf CMa
alf CMa,iot CMa
iot CMa,gam CMa
gam CMa,tet CMa
tet CMa,iot CMa
zet CMa,eps CMa
eps CMa,del CMa
del CMa,eta CMa
del CMa,alf CMa
del CMa,gam CMa
bet CMa,alf CMa
alf CMa,gam CMa
gam CMa,tet CMa
tet CMa,iot CMa
iot CMa,gam CMa
zet CMa,eps CMa
eps CMa,del CMa
eta CMa,del CMa
del CMa,alf CMa
zet Ori,eps Ori
eps Ori,del Ori
eps Ori,eta Ori
eps Ori,alf Ori
alf Ori,gam Ori
gam Ori,eps Ori
eps Ori,kap Ori
kap Ori,bet Ori
bet Ori,eps Ori
bet Ori,lam Eri
alf Ori,mu. Ori
mu. Ori,lam Ori
lam Ori,gam Ori
gam Ori,pi.03 Ori
pi.03 Ori,pi.05 Ori
pi.03 Ori,pi.02 Ori
pi.02 Ori,pi.01 Ori
zet Tau,bet Tau
bet Tau,132 Tau
132 Tau,zet Tau
zet Tau,alf Tau
alf Tau,bet Tau
alf Tau,tet02 Tau
tet02 Tau,gam Tau
gam Tau,del Tau
del Tau,eps Tau
gam Tau,eta Tau
gam Tau,lam Tau
lam Tau,nu. Tau
nu. Tau,mu. Tau
mu. Tau,gam Tau
lam Tau,ksi Tau
ksi Tau,omi Tau
omi Tau,nu. Tau
lam Leo,eps Leo
kap Leo,lam Leo
kap Leo,eps Leo
gam01 Leo,zet Leo
zet Leo,30 LMi
30 LMi,mu. Leo
mu. Leo,eps Leo
30 LMi,37 LMi
37 LMi,46 LMi
46 LMi,bet LMi
bet LMi,21 LMi
21 LMi,30 LMi
gam01 Leo,eta Leo
eta Leo,alf Leo
alf Leo,tet Leo
tet Leo,del Leo
del Leo,bet Leo
bet Leo,tet Leo
del Leo,93 Leo
93 Leo,bet Leo
bet Leo,iot Leo
iot Leo,tau Leo
tau Leo,ups Leo
ups Leo,phi Leo
phi Leo,rho Leo
rho Leo,alf Leo
rho Leo,tet Leo
rho Leo,pi. Leo
pi. Leo,omi Leo
omi Leo,ksi Leo
ksi Leo,lam Leo
mu. Leo,zet Leo
pi. Hya,gam Hya
gam Hya,bet Hya
bet Hya,ksi Hya
ksi Hya,mu. Hya
mu. Hya,nu. Hya
nu. Hya,lam Hya
lam Hya,mu. Hya
lam Hya,alf Hya
alf Hya,iot Hya
iot Hya,lam Hya
iot Hya,tet Hya
tet Hya,eta Hya
eta Hya,del Hya
del Hya,eps Hya
eps Hya,zet Hya
zet Hya,eta Hya
eta Hya,HD  66141
alf Car,del Vel
del Vel,eps Car
eps Car,iot Car
iot Car,kap Vel
kap Vel,ups Car A
ups Car A,bet Car
bet Car,ome Car
ome Car,tet Car
tet Car,p Car
p Car,w Car
w Car,mu. Vel
mu. Vel,lam Vel
lam Vel,gam02 Vel
gam02 Vel,zet Pup
zet Pup,lam Vel
zet Pup,pi. Pup
pi. Pup,sig Pup
sig Pup,a Pup
a Pup,zet Pup
sig Pup,nu. Pup
nu. Pup,tau Pup
tau Pup,alf Car
zet Pup,rho Pup
rho Pup,j Pup
j Pup,ksi Pup
ksi Pup,omi Pup
omi Pup,zet Pup
j Pup,16 Pup
16 Pup,HD  65810
HD  65810,j Pup
30 Psc,iot Cet
iot Cet,bet Cet
bet Cet,eta Cet
eta Cet,iot Cet
eta Cet,tet Cet
tet Cet,zet Cet
zet Cet,omi Cet
omi Cet,eps Cet
eps Cet,zet Cet
zet Cet,tau Cet
tau Cet,tet Cet
tau Cet,ups Cet
ups Cet,sig Cet
sig Cet,rho Cet
rho Cet,eps Cet
eps Cet,pi. Cet
pi. Cet,sig Cet
omi Cet,del Cet
del Cet,gam Cet
gam Cet,alf Cet
alf Cet,kap01 Cet
kap01 Cet,lam Cet
lam Cet,alf Cet
lam Cet,mu. Cet
mu. Cet,gam Cet
15 Mon,13 Mon
13 Mon,18 Mon
18 Mon,bet Mon
bet Mon,alf Mon
bet Eri,nu. Eri
nu. Eri,ksi Eri
ksi Eri,omi01 Eri
omi01 Eri,gam Eri
gam Eri,pi. Eri
pi. Eri,del Eri
del Eri,eps Eri
eps Eri,zet Eri
zet Eri,rho03 Eri
rho03 Eri,eta Eri
eta Eri,tau01 Eri
tau01 Eri,tau02 Eri
nu. Eri,l Eri
l Eri,54 Eri
54 Eri,ups02 Eri
ups02 Eri,d Eri
d Eri,ups04 Eri
ups04 Eri,tau06 Eri
tau06 Eri,tau05 Eri
tau05 Eri,tau04 Eri
tau04 Eri,tau03 Eri
tau03 Eri,tet01 Eri
tet01 Eri,chi Eri
chi Eri,alf Eri
bet Eri,mu. Eri
mu. Eri,nu. Eri
nu. Eri,47 Eri
47 Eri,bet Eri
nu. Eri,ksi Eri
ksi Eri,omi02 Eri
omi02 Eri,gam Eri
gam Eri,omi01 Eri
omi01 Eri,omi02 Eri
gam Eri,pi. Eri
pi. Eri,del Eri
del Eri,eps Eri
eps Eri,zet Eri
zet Eri,rho03 Eri
rho03 Eri,eta Eri
eta Eri,zet Eri
ksi Eri,l Eri
l Eri,54 Eri
54 Eri,ups02 Eri
ups02 Eri,ups01 Eri
ups01 Eri,tau06 Eri
tau06 Eri,tau05 Eri
tau05 Eri,tau04 Eri
tau04 Eri,alf For
alf For,tau03 Eri
tau03 Eri,tau02 Eri
tau02 Eri,tau01 Eri
alf Vir,tet Vir
tet Vir,gam Vir
gam Vir,eta Vir
eta Vir,bet Vir
bet Vir,c Vir
c Vir,eta Vir
c Vir,eps Vir
eps Vir,del Vir
del Vir,c Vir
del Vir,gam Vir
del Vir,zet Vir
zet Vir,alf Vir
zet Vir,109 Vir
109 Vir,phi Vir
phi Vir,iot Vir
iot Vir,kap Vir
kap Vir,lam Vir
lam Vir,i Vir
i Vir,alf Vir
phi Vir,mu. Vir
mu. Vir,iot Vir
alf Oph,alf Ser
alf Ser,eps Ser
eps Ser,del Oph
del Oph,eps Oph
eps Oph,zet Oph
zet Oph,eta Oph
eta Oph,tet Oph
eta Oph,eta Ser
eta Ser,zet Ser
eta Ser,tet01 Ser
tet01 Ser,gam Oph
gam Oph,bet Oph
bet Oph,alf Oph
bet Oph,sig Oph
sig Oph,kap Oph
kap Oph,iot Oph
iot Oph,gam Ser
eps Ser,mu. Ser
mu. Ser,psi Sco
psi Sco,eps Oph
psi Sco,zet Oph
zet Oph,HD 155078
HD 155078,nu. Ser
nu. Ser,ksi Ser
ksi Ser,tet Oph
ksi Ser,eta Oph
alf Dor,bet Dor
bet Mus,alf Mus
alf Mus,gam Mus
gam Mus,del Mus
del Mus,alf Mus
alf01 Cru,gam Cru
bet Cru,del Cru
alf TrA,bet TrA
bet TrA,gam TrA
gam TrA,alf TrA
alf Lup,bet Lup
bet Lup,gam Lup
gam Lup,eps Lup
eps Lup,alf Lup
alf Ara,bet Ara
bet Ara,gam Ara
gam Ara,del Ara
del Ara,zet Ara
zet Ara,eps01 Ara
eps01 Ara,alf Ara
del Ara,eta Pav
alf Pav,del Pav
del Pav,bet Pav
bet Pav,alf Pav
bet Pav,gam Pav
gam Pav,eps Pav
eps Pav,del Pav
alf Ind,bet Ind
alf Gru,bet Gru
bet Gru,gam Gru
gam Gru,alf Gru
alf Tuc,gam Tuc
gam Tuc,eta Tuc
eta Tuc,zet Tuc
zet Tuc,bet01 Tuc
bet01 Tuc,eta Tuc
bet Phe,gam Phe
gam Phe,del Phe
del Phe,bet Phe
bet Phe,alf Phe
alf Phe,eps Phe
eps Phe,bet Phe
bet Hyi,gam Hyi
gam Hyi,alf Hyi
alf Hyi,bet Hyi
alf Ret,bet Ret
iot UMa,kap UMa
kap UMa,10 UMa
10 UMa,HD  77912
HD  77912,38 Lyn
38 Lyn,alf Lyn
alf Lyn,mu. Leo
eps Leo,alf Lyn
mu. Leo,eps Leo
psi UMa,chi UMa
chi UMa,5 CVn
5 CVn,zet01 UMa
eta UMa,zet01 UMa
zet01 UMa,eps UMa
eps UMa,del UMa
del UMa,alf UMa
alf UMa,bet UMa
bet UMa,gam UMa
gam UMa,del UMa
37 LMi,zet Leo
zet Leo,gam01 Leo
gam01 Leo,eta Leo
eta Leo,alf Leo
alf Leo,omi Leo
nu. UMa,ksi UMa
ksi UMa,72 Leo
72 Leo,del Leo
del Leo,tet Leo
tet Leo,bet Leo
psi UMa,nu. UMa
nu. UMa,37 LMi
37 LMi,21 LMi
21 LMi,HD  82741
HD  82741,kap UMa
tet UMa,phi UMa
phi UMa,ups UMa
ups UMa,h UMa
h UMa,tau UMa
tau UMa,pi.02 UMa
pi.02 UMa,omi UMa
omi UMa,f UMa
f UMa,tet UMa
f UMa,iot UMa
psi UMa,36 UMa
36 UMa,phi UMa
lam UMa,lam UMa
alf Ori,zet Ori
zet Ori,kap Ori
zet Ori,eps Ori
eps Ori,del Ori
del Ori,gam Ori
del Ori,eta Ori
eta Ori,bet Ori
alf Ori,32 Ori
32 Ori,gam Ori
32 Ori,lam Ori
ups Ori,iot Ori
iot Ori,sig Ori
sig Ori,zet Ori
alf Gem,bet Gem
iot Cnc,gam Cnc
gam Cnc,zet02 Cnc
zet02 Cnc,bet Cnc
bet Cnc,del Cnc
del Cnc,gam Cnc
del Cnc,alf Cnc
alf Leo,bet Leo
bet Leo,gam01 Leo
eta UMa,zet01 UMa
zet01 UMa,eps UMa
eps UMa,del UMa
del UMa,alf UMa
alf UMa,bet UMa
bet UMa,gam UMa
eta UMa,zet01 UMa
zet01 UMa,eps UMa
eps UMa,del UMa
del UMa,alf UMa
alf UMa,bet UMa
bet UMa,gam UMa
gam UMa,del UMa
del Ori,eps Ori
eps Ori,zet Ori
del Ori,eps Ori
eps Ori,zet Ori
zet UMi,eta UMi
eta UMi,gam UMi
gam UMi,bet UMi
eps Del,bet Del
bet Del,alf Del
alf Del,gam02 Del
gam02 Del,del Del
del Del,bet Del
tet CrB,bet CrB
bet CrB,alf CrB
alf CrB,gam CrB A
gam CrB A,del CrB
del CrB,eps CrB
eps CrB,iot CrB
alf Cyg,gam Cyg
gam Cyg,eps Cyg
gam Cyg,eta Cyg
gam Cyg,del Cyg
alf Ori,kap Ori
kap Ori,bet Ori
bet Ori,gam Ori
gam Ori,lam Ori
lam Ori,alf Ori
del Ori,eps Ori
eps Ori,zet Ori
eps Ori,iot Ori
iot Ori,tet01 Ori C
tet01 Ori C,c Ori
alf Tau,tet02 Tau
tet02 Tau,gam Tau
gam Tau,del Tau
del Tau,del03 Tau
del03 Tau,eps Tau
eps Tau,alf Tau
alf Gem,bet Gem
bet Gem,gam Gem
gam Gem,mu. Gem
mu. Gem,alf Gem
eps Cas,del Cas
del Cas,gam Cas
gam Cas,alf Cas
alf Cas,bet Cas
alf Gem,bet Gem
bet Gem,alf CMi
alf CMi,alf CMa
eta UMa,zet01 UMa
zet01 UMa,eps UMa
eps UMa,del UMa
del UMa,alf UMa
alf UMa,bet UMa
bet UMa,gam UMa
gam UMa,del UMa
alf Cen A,bet Cen
bet Cen,bet Cru
bet Cru,alf01 Cru
alf01 Cru,del Cru
del Cru,gam Cru
gam Cru,bet Cru
alf Peg,bet Peg
bet Peg,alf And
alf And,gam Peg
gam Peg,alf Peg
ups Sco,lam Sco
del Ori,del Ori
eps Ori,eps Ori
zet Ori,zet Ori
kap Ori,alf Ori
alf Ori,gam Ori
gam Ori,bet Ori
bet Ori,kap Ori
gam Cru,del Cru
alf01 Cru,bet Cru
alf Cen A,bet Cen
alf Cen A,bet Cen
bet Cen,bet Cru
bet Cru,alf01 Cru
alf Cen A,bet Cen
bet Cen,bet Cru
alf Tau,tet02 Tau
tet02 Tau,gam Tau
gam Tau,del Tau
del Tau,eps Tau
zet02 Sco,zet01 Sco
eta UMa,zet01 UMa
iot Ori,tet01 Ori C
tet01 Ori C,c Ori
c Ori,sig Ori
del UMa,lam Dra
lam Dra,alf UMa
alf UMa,bet UMa
bet UMa,gam UMa
gam UMa,del UMa
del UMa,eps UMa
eps UMa,zet01 UMa
zet01 UMa,eta UMa
alf01 Cru,gam Cru
bet Cru,del Cru
del Ori,eps Ori
eps Ori,zet Ori
eps Boo,gam Boo
gam Boo,eta UMa
eta UMa,zet01 UMa
zet01 UMa,eps UMa
eps UMa,del UMa
del UMa,gam UMa
gam UMa,psi UMa
psi UMa,gam01 Leo
gam01 Leo,alf Leo
iot Ori,tet01 Ori C
tet01 Ori C,c Ori
gam TrA,alf Cir
alf Cir,alf Cen A
alf Cen A,bet Cen
del Vel,iot Car
kap Vel,eps Car
bet Lup,pi. Lup
pi. Lup,zet Lup
alf Lup,pi. Lup
pi. Lup,eps Lup
gam TrA,alf Cir
alf Cir,bet Cen
bet Cen,eps Cen
eps Cen,gam Cen
gam Cen,del Cen
del Cen,pi. Cen
pi. Cen,eta Car
eta Car,tet Car
tet Car,ome Car
lam Sco,kap Sco
kap Sco,iot01 Sco
iot01 Sco,tet Sco
tet Sco,eta Sco
eta Sco,zet01 Sco
zet01 Sco,mu.01 Sco
mu.01 Sco,eps Sco
eps Sco,tau Sco
tau Sco,alf Sco
alf Sco,del Sco
alf Sco,pi. Sco
alf Sco,bet01 Sco
zet01 Sco,zet02 Sco
alf01 Cru,bet Cru
bet Cru,gam Cru
gam Cru,del Cru
del Cru,alf01 Cru
kap Sco,tet Sco
tet Sco,alf Ara
kap Sco,iot01 Sco
kap Sco,lam Sco
kap Sco,ups Sco
kap Sco,G Sco
eps Sgr,gam02 Sgr
gam02 Sgr,del Sgr
del Sgr,eta Sgr
eta Tau,eps Tau
alf Tau,tet02 Tau
tet02 Tau,gam Tau
gam Tau,del Tau
del Tau,del03 Tau
del03 Tau,eps Tau
alf Tau,gam Ori
gam Ori,del Ori
del Ori,eps Ori
eps Ori,zet Ori
ups UMa,ups UMa
g UMa,g UMa
eta UMa,zet01 UMa
zet01 UMa,eps UMa
eps UMa,del UMa
del UMa,alf UMa
alf UMa,bet UMa
bet UMa,gam UMa
gam UMa,del UMa
alf UMa,h UMa
h UMa,tau UMa
tau UMa,omi UMa
bet UMa,tet UMa
tet UMa,iot UMa
iot UMa,kap UMa
eta UMa,bet Boo
bet Boo,alf CrB
eta UMa,gam Boo
gam Boo,eps Boo
tet Boo,tet Boo
eta UMa,zet01 UMa
zet01 UMa,eps UMa
eps UMa,del UMa
del UMa,alf UMa
alf UMa,bet UMa
gam UMa,del UMa
alf UMa,h UMa
h UMa,omi UMa
bet UMa,psi UMa
psi UMa,chi UMa
chi UMa,gam UMa
chi UMa,nu. UMa
nu. UMa,ksi UMa
ksi UMa,72 Leo
72 Leo,del Leo
del Leo,tet Leo
tet Leo,iot Leo
psi UMa,46 LMi
46 LMi,zet Leo
zet Leo,gam01 Leo
gam01 Leo,eta Leo
eta Leo,alf Leo
eps Cas,eps Cas
del Cas,del Cas
gam Cas,gam Cas
alf Cas,alf Cas
bet Cas,bet Cas
eta Cas,eta Cas
eta UMa,zet01 UMa
zet01 UMa,eps UMa
eps UMa,del UMa
del UMa,gam UMa
gam UMa,bet UMa
bet UMa,alf UMa
alf UMa,del UMa
eps Cas,del Cas
del Cas,gam Cas
gam Cas,eta Cas
eta Cas,alf Cas
alf Cas,bet Cas
alf UMi,del UMi
del UMi,eps UMi
eps UMi,zet UMi
zet UMi,eta UMi
eta UMi,gam UMi
gam UMi,bet UMi
bet UMi,zet UMi
eps Del,bet Del
bet Del,alf Del
alf Del,gam02 Del
gam02 Del,del Del
del Del,bet Del
tet CrB,bet CrB
bet CrB,alf CrB
alf CrB,gam CrB A
gam CrB A,del CrB
del CrB,eps CrB
eps CrB,iot CrB
alf And,bet Peg
bet Peg,alf Peg
alf Peg,gam Peg
gam Peg,alf And
alf Cyg,gam Cyg
gam Cyg,bet Cyg A
bet Cyg A,alf Lyr
alf Lyr,del Cyg
del Cyg,alf Cyg
alf Boo,alf Vir
alf Vir,alf Sco
zet Ori,eps Ori
eps Ori,del Ori
